Trade ID,PO,Product,Desk,Book,Location
SYS_23101,PO1,IR.Swap.InflationSwap,Rates1,IR_Linear,NY
SYS_23102,PO1,IR.Swap.InflationSwap,Rates1,IR_Linear,NY
SYS_23103,PO1,IR.Swap.InflationSwap,Rates1,IR_Linear,NY
SYS_23104,PO1,IR.Swap.InflationSwap,Rates1,IR_Linear,NY
SYS_23105,PO1,IR.Swap.InflationSwap,Rates1,IR_Linear,NY
SYS_23106,PO1,IR.Swap.InflationSwap,Rates1,IR_Linear,NY
SYS_23107,PO1,IR.Swap.InflationSwap,Rates1,IR_Linear,NY
SYS_23108,PO1,IR.Swap.InflationSwap,Rates1,IR_Linear,NY
SYS_23109,PO1,IR.Swap.InflationSwap,Rates1,IR_Linear,NY
SYS_23110,PO1,IR.Swap.InflationSwap,Rates1,IR_Linear,NY
SYS_23111,PO1,IR.Swap.XccySwap,Rates1,IR_Linear,NY
SYS_23112,PO1,IR.Swap.XccySwap,Rates1,IR_Linear,NY
SYS_23113,PO1,IR.Swap.XccySwap,Rates1,IR_Linear,NY
SYS_23114,PO1,IR.Swap.XccySwap,Rates1,IR_Linear,NY
SYS_23115,PO1,IR.Swap.XccySwap,Rates1,IR_Linear,NY
SYS_23116,PO1,IR.Swap.XccySwap,Rates1,IR_Linear,NY
SYS_23117,PO1,IR.Swap.XccySwap,Rates1,IR_Linear,NY
SYS_23118,PO1,IR.Swap.XccySwap,Rates1,IR_Linear,NY
SYS_23119,PO1,IR.Swap.XccySwap,Rates1,IR_Linear,NY
SYS_23120,PO1,IR.Swap.XccySwap,Rates1,IR_Linear,NY
SYS_23121,PO2,IR.Swap.FixedFloat,Rates1,IR_Linear,NY
SYS_23122,PO2,IR.Swap.FixedFloat,Rates1,IR_Linear,NY
SYS_23123,PO2,IR.Swap.FixedFloat,Rates1,IR_Linear,NY
SYS_23124,PO2,IR.Swap.FixedFloat,Rates1,IR_Linear,NY
SYS_23125,PO2,IR.Swap.FixedFloat,Rates1,IR_Linear,NY
SYS_23126,PO2,IR.Swap.FixedFloat,Rates1,IR_Linear,NY
SYS_23127,PO2,IR.Swap.FixedFloat,Rates1,IR_Linear,NY
SYS_23128,PO2,IR.Swap.FixedFloat,Rates1,IR_Linear,NY
SYS_23129,PO2,IR.Swap.FixedFloat,Rates1,IR_Linear,NY
SYS_23130,PO2,IR.Swap.FixedFloat,Rates1,IR_Linear,NY
SYS_23131,PO2,IR.Swap.FixedFloat,Rates1,IR_Linear,NY
SYS_23132,PO2,IR.Swap.FixedFloat,Rates1,IR_Linear,NY
SYS_23133,PO2,IR.Swap.FixedFloat,Rates1,IR_Linear,NY
SYS_23134,PO2,IR.Swap.FixedFloat,Rates1,IR_Linear,NY
SYS_23135,PO2,IR.Swap.FixedFloat,Rates1,IR_Linear,NY
SYS_23136,PO2,IR.Swap.FixedFloat,Rates1,IR_Linear,NY
SYS_23137,PO2,IR.Swap.FixedFloat,Rates1,IR_Linear,NY
SYS_23138,PO2,IR.Swap.FixedFloat,Rates1,IR_Linear,NY
SYS_23139,PO2,IR.Swap.FixedFloat,Rates1,IR_Linear,NY
SYS_23140,PO2,IR.Swap.FixedFloat,Rates1,IR_Linear,NY
SYS_23141,PO2,IR.Swap.FixedFloat,Rates1,IR_Linear,NY
SYS_23142,PO2,IR.Swap.FixedFloat,Rates1,IR_Linear,NY
SYS_23143,PO2,IR.Swap.FixedFloat,Rates1,IR_Linear,NY
SYS_23144,PO2,IR.Swap.FixedFloat,Rates1,IR_Linear,NY
SYS_23145,PO2,IR.Swap.FixedFloat,Rates1,IR_Linear,NY
SYS_23146,PO2,IR.Swap.FixedFloat,Rates1,IR_Linear,NY
SYS_23147,PO2,IR.Swap.FixedFloat,Rates1,IR_Linear,NY
SYS_23148,PO2,IR.Swap.FixedFloat,Rates1,IR_Linear,NY
SYS_23149,PO2,IR.Swap.FixedFloat,Rates1,IR_Linear,NY
SYS_23150,PO2,IR.Swap.FixedFloat,Rates1,IR_Linear,NY
SYS_23151,PO2,IR.Swap.FixedFloat,Rates1,IR_Linear,NY
SYS_23152,PO2,IR.Swap.FixedFloat,Rates1,IR_Linear,NY
SYS_23153,PO2,IR.Swap.FixedFloat,Rates1,IR_Linear,NY
SYS_23154,PO2,IR.Swap.FixedFloat,Rates1,IR_Linear,NY
SYS_23155,PO2,IR.Swap.FixedFloat,Rates1,IR_Linear,NY
SYS_23156,PO2,IR.Swap.FixedFloat,Rates1,IR_Linear,LN
SYS_23157,PO2,IR.Swap.FixedFloat,Rates1,IR_Linear,LN
SYS_23158,PO1,IR.Swap.FixedFloat,Rates1,IR_Linear,LN
SYS_23159,PO1,IR.Swap.FixedFloat,Rates1,IR_Linear,LN
SYS_23160,PO1,IR.Swap.FixedFloat,Rates1,IR_Linear,LN
SYS_23161,PO1,IR.Swap.FixedFloat,Rates1,IR_Linear,LN
SYS_23162,PO1,IR.Swap.FixedFloat,Rates1,IR_Linear,LN
SYS_23163,PO1,IR.Swap.FixedFloat,Rates1,IR_Linear,LN
SYS_23164,PO1,IR.Swap.FixedFloat,Rates1,IR_Linear,LN
SYS_23165,PO1,IR.Swap.FixedFloat,Rates1,IR_Linear,LN
SYS_23166,PO1,IR.Swap.FixedFloat,Rates1,IR_Linear,LN
SYS_23167,PO1,IR.Swap.FixedFloat,Rates1,IR_Linear,LN
SYS_23168,PO1,IR.Swap.FixedFloat,Rates1,IR_Linear,LN
SYS_23169,PO1,IR.Swap.FixedFloat,Rates1,IR_Linear,LN
SYS_23170,PO1,IR.Swap.FixedFloat,Rates1,IR_Linear,LN
SYS_23171,PO1,IR.Swap.FixedFloat,Rates1,IR_Linear,LN
SYS_23172,PO1,IR.Swap.FixedFloat,Rates1,IR_Linear,LN
SYS_23173,PO1,IR.Swap.FixedFloat,Rates1,IR_Linear,LN
SYS_23174,PO1,IR.Swap.FixedFloat,Rates1,IR_Linear,LN
SYS_23175,PO1,IR.Swap.FixedFloat,Rates1,IR_Linear,LN
SYS_23176,PO1,IR.Swap.FixedFloat,Rates1,IR_Linear,LN
SYS_23177,PO1,IR.Swap.FixedFloat,Rates1,IR_Linear,LN
SYS_23178,PO1,IR.Swap.FixedFloat,Rates1,IR_Linear,LN
SYS_23179,PO1,IR.Swap.FixedFloat,Rates2,IR_Linear,LN
SYS_23180,PO1,IR.Swap.FixedFloat,Rates2,IR_Linear,LN
SYS_23181,PO1,IR.Swap.FixedFloat,Rates2,IR_Linear,LN
SYS_23182,PO1,IR.Swap.FixedFloat,Rates2,IR_Linear,LN
SYS_23183,PO1,IR.Swap.FixedFloat,Rates2,IR_Linear,LN
SYS_23184,PO1,IR.Swap.FixedFloat,Rates2,IR_Linear,LN
SYS_23185,PO1,IR.Swap.FixedFloat,Rates2,IR_Linear,LN
SYS_23186,PO1,IR.Swap.FixedFloat,Rates2,IR_Linear,LN
SYS_23187,PO1,IR.Swap.FixedFloat,Rates2,IR_Linear,LN
SYS_23188,PO1,IR.Swap.FixedFloat,Rates2,IR_Linear,LN
SYS_23189,PO1,IR.Swap.FixedFloat,Rates2,IR_Linear,LN
SYS_23190,PO1,IR.Swap.FixedFloat,Rates2,IR_Linear,LN
SYS_23191,PO1,IR.Swap.FixedFloat,Rates2,IR_Linear,LN
SYS_23192,PO1,IR.Swap.FixedFloat,Rates2,IR_Linear,LN
SYS_23193,PO1,IR.Swap.FixedFloat,Rates2,IR_Linear,LN
SYS_23194,PO3,IR.Swap.FixedFloat,Rates2,IR_Linear,LN
SYS_23195,PO3,IR.Swaption.European,Rates2,IR_Option,LN
SYS_23196,PO3,IR.Swaption.European,Rates2,IR_Option,LN
SYS_23197,PO3,IR.Swaption.European,Rates2,IR_Option,LN
SYS_23198,PO3,IR.Swaption.European,Rates2,IR_Option,LN
SYS_23199,PO3,IR.Swaption.European,Rates2,IR_Option,LN
SYS_23200,PO3,IR.Swaption.European,Rates2,IR_Option,LN
SYS_23201,PO3,IR.Swaption.European,Rates2,IR_Option,LN
SYS_23202,PO3,IR.Swaption.European,Rates2,IR_Option,LN
SYS_23203,PO3,IR.Swaption.European,Rates2,IR_Option,LN
SYS_23204,PO3,IR.Swaption.European,Rates2,IR_Option,LN
SYS_23205,PO3,IR.Cap.Vanilla,Rates2,IR_Option,LN
SYS_23206,PO3,IR.Cap.Vanilla,Rates2,IR_Option,LN
SYS_23207,PO3,IR.Cap.Vanilla,Rates2,IR_Option,LN
SYS_23208,PO3,IR.Cap.Vanilla,Rates2,IR_Option,LN
SYS_23209,PO3,IR.Cap.Vanilla,Rates2,IR_Option,LN
SYS_23210,PO3,IR.Cap.Vanilla,Rates2,IR_Option,LN
SYS_23211,PO3,IR.Cap.Digital,Rates2,IR_Option,LN
SYS_23212,PO3,IR.Cap.Digital,Rates2,IR_Option,LN
SYS_23213,PO3,IR.Floor.Vanilla,Rates2,IR_Option,LN
SYS_23214,PO3,IR.Floor.Vanilla,Rates2,IR_Option,LN
SYS_23215,PO3,IR.Floor.Vanilla,Rates2,IR_Option,LN
SYS_23216,PO3,IR.Floor.Vanilla,Rates2,IR_Option,LN
SYS_23217,PO3,IR.Floor.Vanilla,Rates2,IR_Option,LN
SYS_23218,PO3,IR.Cap.Digital,Rates2,IR_Option,LN
SYS_23219,PO3,IR.Cap.Digital,Rates2,IR_Option,LN
SYS_23220,PO3,IR.Cap.Digital,Rates2,IR_Option,LN
SYS_23221,PO3,IR.Cap.Digital,Rates2,IR_Option,LN
SYS_23222,PO3,IR.Cap.Digital,Rates2,IR_Option,LN
SYS_23223,PO3,IR.Cap.Vanilla,Rates2,IR_Option,LN
SYS_23224,PO3,IR.Cap.Vanilla,Rates2,IR_Option,LN
SYS_23225,PO3,IR.Cap.Vanilla,Rates2,IR_Option,LN
SYS_23226,PO3,IR.Cap.Vanilla,Rates2,IR_Option,LN
SYS_23227,PO3,IR.Floor.Vanilla,Rates2,IR_Option,LN
SYS_23228,PO3,IR.Floor.Vanilla,Rates2,IR_Option,LN
SYS_23229,PO3,IR.Floor.Vanilla,Rates2,IR_Option,LN
SYS_23230,PO3,IR.Floor.Digital,Rates2,IR_Option,LN
SYS_23231,PO3,IR.Floor.Digital,Rates2,IR_Option,LN
SYS_23232,PO1,IR.Floor.Digital,Rates2,IR_Option,LN
SYS_23233,PO1,IR.Floor.Digital,Rates2,IR_Option,LN
SYS_23234,PO1,IR.Floor.Digital,Rates2,IR_Option,LN
SYS_23235,PO1,IR.Floor.Digital,Rates2,IR_Option,LN
SYS_23236,PO1,IR.Swap.FixedFloat,Rates2,IR_Linear,LN
SYS_23237,PO1,IR.Swap.FixedFloat,Rates2,IR_Linear,LN
SYS_23238,PO1,IR.Swap.FixedFloat,Rates2,IR_Linear,LN
SYS_23239,PO1,IR.Swap.FixedFloat,Rates2,IR_Linear,LN
SYS_23240,PO1,IR.Swap.FixedFloat,Rates2,IR_Linear,LN
SYS_23241,PO1,IR.Swap.FixedFloat,Rates2,IR_Linear,LN
SYS_23242,PO1,IR.Swap.FixedFloat,Rates2,IR_Linear,LN
SYS_23243,PO1,IR.Swap.FixedFloat,Rates2,IR_Linear,LN
SYS_23244,PO1,IR.Swap.FixedFloat,Rates2,IR_Linear,LN
SYS_23245,PO1,IR.Swap.FixedFloat,Rates2,IR_Linear,LN
SYS_23246,PO1,IR.Swap.FixedFloat,Rates2,IR_Linear,LN
SYS_23247,PO1,IR.Swap.FixedFloat,Rates2,IR_Linear,LN
SYS_23248,PO1,IR.Swap.FixedFloat,Rates2,IR_Linear,LN
SYS_23249,PO1,IR.Swap.FixedFloat,Rates2,IR_Linear,LN
SYS_23250,PO1,IR.Swap.FixedFloat,Rates2,IR_Linear,LN
SYS_23251,PO1,IR.Swap.FixedFloat,Rates2,IR_Linear,LN
SYS_23252,PO1,IR.Swap.FixedFloat,Rates2,IR_Linear,LN
SYS_23253,PO1,IR.Swap.FixedFloat,Rates2,IR_Linear,LN
SYS_23254,PO1,IR.Swap.FixedFloat,Rates2,IR_Linear,LN
SYS_23255,PO1,IR.Swap.FixedFloat,Rates2,IR_Linear,LN
SYS_23256,PO1,IR.Swap.FixedFloat,Rates2,IR_Linear,LN
SYS_23257,PO1,IR.Swap.FixedFloat,Rates2,IR_Linear,LN
SYS_23258,PO1,IR.Swap.FixedFloat,Rates2,IR_Linear,LN
SYS_23259,PO1,IR.Swap.FixedFloat,Rates2,IR_Linear,LN
SYS_23260,PO3,IR.Swap.FixedFloat,Rates2,IR_Linear,LN
SYS_23261,PO3,IR.Swap.FixedFloat,Rates2,IR_Linear,LN
SYS_23262,PO3,IR.Swap.FixedFloat,Rates2,IR_Linear,LN
SYS_23263,PO3,IR.Swap.FixedFloat,Rates2,IR_Linear,LN
SYS_23264,PO3,IR.Swap.FixedFloat,Rates2,IR_Linear,LN
SYS_23265,PO3,IR.Swap.FixedFloat,Rates2,IR_Linear,LN
SYS_23266,PO3,IR.Swap.FixedFloat,Rates2,IR_Linear,LN
SYS_23267,PO3,IR.Swap.FixedFloat,Rates2,IR_Linear,LN
SYS_23268,PO3,IR.Swap.FixedFloat,Rates2,IR_Linear,LN
SYS_23269,PO3,IR.Swap.FixedFloat,Rates2,IR_Linear,LN
SYS_23270,PO3,IR.Swap.FixedFloat,Rates2,IR_Linear,LN
SYS_23271,PO3,IR.Swap.FixedFloat,Rates2,IR_Linear,LN
SYS_23272,PO3,IR.Swap.FixedFloat,Rates2,IR_Linear,LN
SYS_23273,PO3,IR.Swap.FixedFloat,Rates2,IR_Linear,LN
SYS_23274,PO3,IR.Swap.FixedFloat,Rates2,IR_Linear,LN
SYS_23275,PO3,IR.Swap.FixedFloat,Rates2,IR_Linear,LN
SYS_23276,PO3,IR.Swap.FixedFloat,Rates2,IR_Linear,LN
SYS_23277,PO3,IR.Swap.FixedFloat,Rates2,IR_Linear,LN
SYS_23278,PO3,IR.Swap.FixedFloat,Rates2,IR_Linear,LN
SYS_23279,PO3,IR.Swap.FixedFloat,Rates2,IR_Linear,LN
SYS_23280,PO3,IR.Swap.FixedFloat,Rates2,IR_Linear,LN
SYS_23281,PO3,IR.Swap.FixedFloat,Rates2,IR_Linear,LN
SYS_23282,PO3,IR.Swap.FixedFloat,Rates2,IR_Linear,LN
SYS_23283,PO3,IR.Swap.FixedFloat,Rates2,IR_Linear,LN
SYS_23284,PO3,IR.Swap.FixedFloat,Rates2,IR_Linear,LN
SYS_23285,PO3,IR.Swap.FixedFloat,Rates2,IR_Linear,NY
SYS_23286,PO3,IR.Swap.FixedFloat,Rates2,IR_Linear,NY
SYS_23287,PO3,IR.Swap.FixedFloat,Rates2,IR_Linear,NY
SYS_23288,PO3,IR.Swap.FixedFloat,Rates2,IR_Linear,NY
SYS_23289,PO3,IR.Swap.FixedFloat,Rates2,IR_Linear,NY
SYS_23290,PO3,IR.Swap.FixedFloat,Rates2,IR_Linear,NY
SYS_23291,PO3,IR.Swap.FixedFloat,Rates2,IR_Linear,NY
SYS_23292,PO3,IR.Swap.FixedFloat,Rates2,IR_Linear,NY
SYS_23293,PO3,IR.Swap.FixedFloat,Rates2,IR_Linear,NY
SYS_23294,PO3,IR.Swap.FixedFloat,Rates2,IR_Linear,NY
SYS_23295,PO3,IR.Swap.FixedFloat,Rates2,IR_Linear,NY
SYS_23296,PO3,IR.Swap.FixedFloat,Rates2,IR_Linear,NY
SYS_23297,PO3,IR.Swap.FixedFloat,Rates2,IR_Linear,NY
SYS_23298,PO3,IR.Swap.FixedFloat,Rates2,IR_Linear,NY
SYS_23299,PO3,IR.Swap.FixedFloat,Rates2,IR_Linear,NY
SYS_23300,PO3,IR.Swap.FixedFloat,Rates2,IR_Linear,NY
SYS_23301,PO3,IR.Swap.FixedFloat,Rates2,IR_Linear,NY
SYS_23302,PO3,IR.Swap.FixedFloat,Rates2,IR_Linear,NY
SYS_23303,PO3,IR.Swap.FixedFloat,Rates2,IR_Linear,NY
SYS_23304,PO3,IR.Swap.FixedFloat,Rates2,IR_Linear,NY
SYS_23305,PO3,IR.Swap.FixedFloat,Rates2,IR_Linear,NY
SYS_23306,PO1,IR.Swap.FixedFloat,Rates2,IR_Linear,NY
SYS_23307,PO1,IR.Swap.FixedFloat,Rates2,IR_Linear,NY
SYS_23308,PO1,IR.Swap.FixedFloat,Rates2,IR_Linear,NY
SYS_23309,PO1,IR.Swap.FixedFloat,Rates2,IR_Linear,NY
SYS_23310,PO1,IR.Swap.FixedFloat,Rates2,IR_Linear,NY
SYS_23311,PO1,IR.Swap.FixedFloat,Rates2,IR_Linear,NY
SYS_23312,PO1,IR.Swap.FixedFloat,Rates2,IR_Linear,NY
SYS_23313,PO1,IR.Swap.FixedFloat,Rates2,IR_Linear,NY
SYS_23314,PO1,IR.Swap.FixedFloat,Rates2,IR_Linear,NY
SYS_23315,PO1,IR.Swap.FixedFloat,Rates2,IR_Linear,NY
SYS_23316,PO1,IR.Swap.FixedFloat,Rates2,IR_Linear,NY
SYS_23317,PO1,IR.Swap.FixedFloat,Rates2,IR_Linear,NY
SYS_23318,PO1,IR.Swap.FixedFloat,Rates2,IR_Linear,NY
SYS_23319,PO1,IR.Swap.FixedFloat,Rates2,IR_Linear,NY
SYS_23320,PO1,IR.Swap.FixedFloat,Rates2,IR_Linear,NY
SYS_23321,PO1,IR.Swap.FixedFloat,Rates2,IR_Linear,NY
SYS_23322,PO1,IR.Swap.FixedFloat,Rates2,IR_Linear,NY
SYS_23323,PO1,IR.Swap.FixedFloat,Rates2,IR_Linear,NY
SYS_23324,PO1,IR.Swap.FixedFloat,Rates2,IR_Linear,NY
SYS_23325,PO1,IR.Swap.FixedFloat,Rates2,IR_Linear,NY
SYS_23326,PO1,IR.Swap.FixedFloat,Rates2,IR_Linear,NY
SYS_23327,PO1,IR.Swap.FixedFloat,Rates2,IR_Linear,NY
SYS_23328,PO1,IR.Swap.FixedFloat,Rates2,IR_Linear,NY
SYS_23329,PO1,IR.Swap.FixedFloat,Rates2,IR_Linear,NY
SYS_23330,PO1,IR.Swap.FixedFloat,Rates2,IR_Linear,NY
SYS_23331,PO1,IR.Swap.FixedFloat,Rates2,IR_Linear,NY
SYS_23332,PO1,IR.Swap.FixedFloat,Rates2,IR_Linear,NY
SYS_23333,PO1,IR.Swap.FixedFloat,Rates2,IR_Linear,NY
SYS_23334,PO2,IR.Swap.FixedFloat,Rates2,IR_Linear,NY
SYS_23335,PO2,IR.Swap.FixedFloat,Rates2,IR_Linear,NY
SYS_23336,PO2,IR.Swap.FixedFloat,Rates2,IR_Linear,NY
SYS_23337,PO2,IR.Swap.FixedFloat,Rates2,IR_Linear,NY
SYS_23338,PO2,IR.Swap.FixedFloat,Rates2,IR_Linear,NY
SYS_23339,PO2,IR.Swap.FixedFloat,Rates2,IR_Linear,NY
SYS_23340,PO2,IR.Swap.FixedFloat,Rates2,IR_Linear,NY
SYS_23341,PO2,IR.Swap.FixedFloat,Rates2,IR_Linear,NY
SYS_23342,PO2,IR.Swap.FixedFloat,Rates2,IR_Linear,NY
SYS_23343,PO2,IR.Swap.FixedFloat,Rates2,IR_Linear,NY
SYS_23344,PO2,IR.Swap.FixedFloat,Rates2,IR_Linear,NY
SYS_23345,PO2,IR.Swap.FixedFloat,Rates2,IR_Linear,NY
SYS_23346,PO2,IR.Swap.FixedFloat,Rates2,IR_Linear,NY
SYS_23347,PO2,IR.Swap.FixedFloat,Rates2,IR_Linear,NY
SYS_23348,PO2,IR.Swap.FixedFloat,Rates2,IR_Linear,NY
SYS_23349,PO2,IR.Swap.FixedFloat,Rates2,IR_Linear,NY
SYS_23350,PO2,IR.Swap.FixedFloat,Rates2,IR_Linear,NY
SYS_23351,PO2,IR.Swap.FixedFloat,Rates2,IR_Linear,NY
SYS_23352,PO2,IR.Swap.FixedFloat,Rates2,IR_Linear,NY
SYS_23353,PO2,IR.Swap.FixedFloat,Rates2,IR_Linear,NY
SYS_23354,PO2,IR.Swap.FixedFloat,Rates2,IR_Linear,NY
SYS_23355,PO2,IR.Swap.FixedFloat,Rates2,IR_Linear,NY
SYS_23356,PO2,IR.Swap.FixedFloat,Rates2,IR_Linear,NY
SYS_23357,PO2,IR.Swap.FixedFloat,Rates2,IR_Linear,NY
SYS_23358,PO2,IR.Swap.FixedFloat,Rates2,IR_Linear,NY
SYS_23359,PO2,IR.Swap.FixedFloat,Rates2,IR_Linear,NY
SYS_23360,PO2,IR.Swap.FixedFloat,Rates2,IR_Linear,NY
SYS_23361,PO2,IR.Swap.FixedFloat,Rates2,IR_Linear,NY
SYS_23362,PO2,IR.Swap.FixedFloat,Rates2,IR_Linear,NY
SYS_23363,PO2,IR.Swap.FixedFloat,Rates2,IR_Linear,NY
SYS_23364,PO2,IR.Swap.FixedFloat,Rates2,IR_Linear,NY
SYS_23365,PO2,IR.Swap.FixedFloat,Rates2,IR_Linear,NY
SYS_23366,PO2,IR.Swap.FixedFloat,Rates2,IR_Linear,NY
SYS_23367,PO2,IR.Swap.FixedFloat,Rates2,IR_Linear,NY
SYS_23368,PO2,IR.Swap.FixedFloat,Rates2,IR_Linear,NY
SYS_23369,PO2,IR.Swap.FixedFloat,Rates2,IR_Linear,NY
SYS_23370,PO2,IR.Swap.FixedFloat,Rates2,IR_Linear,NY
SYS_23371,PO2,IR.Swap.FixedFloat,Rates2,IR_Linear,NY
SYS_23372,PO2,IR.Swap.FixedFloat,Rates2,IR_Linear,NY
SYS_23373,PO2,IR.Swap.FixedFloat,Rates2,IR_Linear,NY
SYS_23374,PO2,IR.Swap.FixedFloat,Rates2,IR_Linear,NY
SYS_23375,PO2,IR.Swap.FixedFloat,Rates2,IR_Linear,NY
SYS_23376,PO2,IR.Swap.FixedFloat,Rates2,IR_Linear,NY
SYS_23377,PO2,IR.Swap.FixedFloat,Rates2,IR_Linear,NY
SYS_23378,PO2,IR.Swap.FixedFloat,Rates2,IR_Linear,NY
SYS_23379,PO2,IR.Swap.FixedFloat,Rates2,IR_Linear,NY
SYS_23380,PO2,IR.Swap.FixedFloat,Rates2,IR_Linear,NY
SYS_23381,PO2,IR.Swap.FixedFloat,Rates2,IR_Linear,NY
SYS_23382,PO2,IR.Swap.FixedFloat,Rates2,IR_Linear,NY
SYS_23383,PO2,IR.Swap.FixedFloat,Rates3,IR_Linear,NY
SYS_23384,PO2,IR.Swap.FixedFloat,Rates3,IR_Linear,NY
SYS_23385,PO2,IR.Swap.FixedFloat,Rates3,IR_Linear,NY
SYS_23386,PO2,IR.Swap.FixedFloat,Rates3,IR_Linear,NY
SYS_23387,PO2,IR.Swap.FixedFloat,Rates3,IR_Linear,NY
SYS_23388,PO2,IR.Swap.FixedFloat,Rates3,IR_Linear,NY
SYS_23389,PO2,IR.Swap.FixedFloat,Rates3,IR_Linear,NY
SYS_23390,PO2,IR.Swap.FixedFloat,Rates3,IR_Linear,NY
SYS_23391,PO2,IR.Swap.FixedFloat,Rates3,IR_Linear,NY
SYS_23392,PO2,IR.Swap.FixedFloat,Rates3,IR_Linear,NY
SYS_23393,PO2,IR.Swap.FixedFloat,Rates3,IR_Linear,NY
SYS_23394,PO2,IR.Swap.FixedFloat,Rates3,IR_Linear,NY
SYS_23395,PO2,IR.Swap.FixedFloat,Rates3,IR_Linear,NY
SYS_23396,PO2,IR.Swap.FixedFloat,Rates3,IR_Linear,NY
SYS_23397,PO2,IR.Swap.FixedFloat,Rates3,IR_Linear,NY
SYS_23398,PO2,IR.Swap.FixedFloat,Rates3,IR_Linear,NY
SYS_23399,PO2,IR.Swap.FixedFloat,Rates3,IR_Linear,NY
SYS_23400,PO2,IR.Swap.FixedFloat,Rates3,IR_Linear,NY
SYS_23401,PO2,IR.Swap.FixedFloat,Rates3,IR_Linear,NY
SYS_23402,PO2,IR.Swap.FixedFloat,Rates3,IR_Linear,NY
SYS_23403,PO2,IR.Swap.FixedFloat,Rates3,IR_Linear,NY
SYS_23404,PO2,IR.Swap.FixedFloat,Rates3,IR_Linear,NY
SYS_23405,PO2,IR.Swap.FixedFloat,Rates3,IR_Linear,NY
SYS_23406,PO2,IR.Swap.FixedFloat,Rates3,IR_Linear,NY
SYS_23407,PO2,IR.Swap.FixedFloat,Rates3,IR_Linear,NY
SYS_23408,PO2,IR.Swap.FixedFloat,Rates3,IR_Linear,NY
SYS_23409,PO2,IR.Swap.FixedFloat,Rates3,IR_Linear,NY
SYS_23410,PO2,IR.Swap.FixedFloat,Rates3,IR_Linear,NY
SYS_23411,PO2,IR.Swap.FixedFloat,Rates3,IR_Linear,NY
SYS_23412,PO2,IR.Swap.FixedFloat,Rates3,IR_Linear,NY
SYS_23413,PO1,IR.Swap.FixedFloat,Rates3,IR_Linear,NY
SYS_23414,PO1,IR.Swap.FixedFloat,Rates3,IR_Linear,NY
SYS_23415,PO1,IR.Swap.FixedFloat,Rates3,IR_Linear,NY
SYS_23416,PO1,IR.Swap.FixedFloat,Rates3,IR_Linear,NY
SYS_23417,PO1,IR.Swap.FixedFloat,Rates3,IR_Linear,NY
SYS_23418,PO1,IR.Swap.FixedFloat,Rates3,IR_Linear,NY
SYS_23419,PO1,IR.Swap.FixedFloat,Rates3,IR_Linear,NY
SYS_23420,PO1,IR.Swap.FixedFloat,Rates3,IR_Linear,NY
SYS_23421,PO1,IR.Swap.FixedFloat,Rates3,IR_Linear,NY
SYS_23422,PO1,IR.Swap.FixedFloat,Rates3,IR_Linear,NY
SYS_23423,PO1,IR.Swap.FixedFloat,Rates3,IR_Linear,NY
SYS_23424,PO1,IR.Swap.FixedFloat,Rates3,IR_Linear,NY
SYS_23425,PO1,IR.Swap.FixedFloat,Rates3,IR_Linear,NY
SYS_23426,PO1,IR.Swap.FixedFloat,Rates3,IR_Linear,NY
SYS_23427,PO1,IR.Swap.FixedFloat,Rates3,IR_Linear,NY
SYS_23428,PO1,IR.Swap.FixedFloat,Rates3,IR_Linear,NY
SYS_23429,PO1,IR.Swap.FixedFloat,Rates3,IR_Linear,NY
SYS_23430,PO1,IR.Swap.FixedFloat,Rates3,IR_Linear,NY
SYS_23431,PO1,IR.Swap.FixedFloat,Rates3,IR_Linear,NY
SYS_23432,PO1,IR.Swap.FixedFloat,Rates3,IR_Linear,NY
SYS_23433,PO1,IR.Swap.FixedFloat,Rates3,IR_Linear,NY
SYS_23434,PO1,IR.Swap.FixedFloat,Rates3,IR_Linear,NY
SYS_23435,PO1,IR.Swap.FixedFloat,Rates3,IR_Linear,NY
SYS_23436,PO1,IR.Swap.FixedFloat,Rates3,IR_Linear,NY
SYS_23437,PO1,IR.Swap.FixedFloat,Rates3,IR_Linear,NY
SYS_23438,PO1,IR.Swap.FixedFloat,Rates3,IR_Linear,NY
SYS_23439,PO1,IR.Swap.FixedFloat,Rates3,IR_Linear,NY
SYS_23440,PO1,IR.Swap.FixedFloat,Rates3,IR_Linear,NY
SYS_23441,PO1,IR.Swap.FixedFloat,Rates3,IR_Linear,NY
SYS_23442,PO1,IR.Swap.FixedFloat,Rates3,IR_Linear,NY
SYS_23443,PO1,IR.Swap.FixedFloat,Rates3,IR_Linear,NY
SYS_23444,PO1,IR.Swap.FixedFloat,Rates3,IR_Linear,NY
SYS_23445,PO1,IR.Swap.FixedFloat,Rates3,IR_Linear,NY
SYS_23446,PO1,IR.Swap.FixedFloat,Rates3,IR_Linear,NY
SYS_23447,PO1,IR.Swap.FixedFloat,Rates3,IR_Linear,NY
SYS_23448,PO1,IR.Swap.FixedFloat,Rates3,IR_Linear,NY
SYS_23449,PO1,IR.Swap.FixedFloat,Rates3,IR_Linear,NY
SYS_23450,PO1,IR.Swap.FixedFloat,Rates3,IR_Linear,NY
SYS_23451,PO1,IR.Swap.FixedFloat,Rates3,IR_Linear,NY
SYS_23452,PO1,IR.Swap.FixedFloat,Rates3,IR_Linear,NY
SYS_23453,PO1,IR.Swap.FixedFloat,Rates3,IR_Linear,NY
SYS_23454,PO1,IR.Swap.FixedFloat,Rates3,IR_Linear,NY
SYS_23455,PO1,IR.Swap.FixedFloat,Rates3,IR_Linear,NY
SYS_23456,PO1,IR.Swap.FixedFloat,Rates3,IR_Linear,NY
SYS_23457,PO1,IR.Swap.FixedFloat,Rates3,IR_Linear,NY
SYS_23458,PO1,IR.Swap.FixedFloat,Rates3,IR_Linear,NY
SYS_23459,PO1,IR.Swap.FixedFloat,Rates3,IR_Linear,NY
SYS_23460,PO1,IR.Swap.FixedFloat,Rates3,IR_Linear,NY
SYS_23461,PO1,IR.Swap.FixedFloat,Rates3,IR_Linear,NY
SYS_23462,PO1,IR.Swap.FixedFloat,Rates3,IR_Linear,NY
SYS_23463,PO1,IR.Swap.FixedFloat,Rates3,IR_Linear,NY
SYS_23464,PO1,IR.Swap.FixedFloat,Rates3,IR_Linear,NY
SYS_23465,PO1,IR.Swap.FixedFloat,Rates3,IR_Linear,NY
SYS_23466,PO3,IR.Swap.FixedFloat,Rates3,IR_Linear,NY
SYS_23467,PO3,IR.Swap.FixedFloat,Rates3,IR_Linear,NY
SYS_23468,PO3,IR.Swap.FixedFloat,Rates3,IR_Linear,NY
SYS_23469,PO3,IR.Swap.FixedFloat,Rates3,IR_Linear,NY
SYS_23470,PO3,IR.Swap.FixedFloat,Rates3,IR_Linear,NY
SYS_23471,PO3,IR.Swap.FixedFloat,Rates3,IR_Linear,NY
SYS_23472,PO3,IR.Swap.FixedFloat,Rates3,IR_Linear,NY
SYS_23473,PO3,IR.Swap.FixedFloat,Rates3,IR_Linear,NY
SYS_23474,PO3,IR.Swap.FixedFloat,Rates3,IR_Linear,HK
SYS_23475,PO3,IR.Swap.FixedFloat,Rates3,IR_Linear,HK
SYS_23476,PO3,IR.Swap.FixedFloat,Rates3,IR_Linear,HK
SYS_23477,PO3,IR.Swap.FixedFloat,Rates3,IR_Linear,HK
SYS_23478,PO3,IR.Swap.FixedFloat,Rates3,IR_Linear,HK
SYS_23479,PO3,IR.Swap.FixedFloat,Rates3,IR_Linear,HK
SYS_23480,PO3,IR.Swap.FixedFloat,Rates3,IR_Linear,HK
SYS_23481,PO3,IR.Swap.FixedFloat,Rates3,IR_Linear,HK
SYS_23482,PO3,IR.Swap.FixedFloat,Rates3,IR_Linear,HK
SYS_23483,PO3,IR.Swap.FixedFloat,Rates3,IR_Linear,HK
SYS_23484,PO3,IR.Swap.FixedFloat,Rates3,IR_Linear,HK
SYS_23485,PO3,IR.Swap.FixedFloat,Rates3,IR_Linear,HK
SYS_23486,PO3,IR.Swap.FixedFloat,Rates3,IR_Linear,HK
SYS_23487,PO3,IR.Swap.FixedFloat,Rates3,IR_Linear,HK
SYS_23488,PO3,IR.Swap.FixedFloat,Rates3,IR_Linear,HK
SYS_23489,PO3,IR.Swap.FixedFloat,Rates3,IR_Linear,HK
SYS_23490,PO3,IR.Swap.FixedFloat,Rates3,IR_Linear,HK
SYS_23491,PO3,IR.Swap.FixedFloat,Rates3,IR_Linear,HK
SYS_23492,PO3,IR.Swap.FixedFloat,Rates3,IR_Linear,HK
SYS_23493,PO3,IR.Swap.FixedFloat,Rates3,IR_Linear,HK
SYS_23494,PO3,IR.Swap.FixedFloat,Rates3,IR_Linear,HK
SYS_23495,PO3,IR.Swaption.European,Rates3,IR_Option,HK
SYS_23496,PO3,IR.Swaption.European,Rates3,IR_Option,HK
SYS_23497,PO3,IR.Swaption.European,Rates3,IR_Option,HK
SYS_23498,PO3,IR.Swaption.European,Rates3,IR_Option,HK
SYS_23499,PO3,IR.Swaption.European,Rates3,IR_Option,HK
SYS_23500,PO3,IR.Swaption.European,Rates3,IR_Option,HK
SYS_23501,PO3,IR.Swaption.European,Rates3,IR_Option,HK
SYS_23502,PO3,IR.Swaption.European,Rates3,IR_Option,HK
SYS_23503,PO3,IR.Swaption.Bermudan,Rates3,IR_Option,HK
SYS_23504,PO3,IR.Swaption.Bermudan,Rates3,IR_Option,HK
SYS_23505,PO3,IR.Swaption.Bermudan,Rates3,IR_Option,HK
SYS_23506,PO3,IR.Swaption.Bermudan,Rates3,IR_Option,HK
SYS_23507,PO3,IR.Swaption.Bermudan,Rates3,IR_Option,HK
SYS_23508,PO3,IR.Swaption.Bermudan,Rates3,IR_Option,HK
SYS_23509,PO3,IR.Swaption.Bermudan,Rates3,IR_Option,HK
SYS_23510,PO3,IR.Swaption.Bermudan,Rates3,IR_Option,HK
SYS_23511,PO3,IR.Swaption.Bermudan,Rates3,IR_Option,HK
SYS_23512,PO3,IR.Swaption.Bermudan,Rates3,IR_Option,HK
SYS_23513,PO3,IR.Swaption.Bermudan,Rates3,IR_Option,HK
SYS_23514,PO3,IR.Swaption.Bermudan,Rates3,IR_Option,HK
SYS_23515,PO3,IR.Swaption.Bermudan,Rates3,IR_Option,HK
SYS_23516,PO3,IR.Swaption.Bermudan,Rates3,IR_Option,HK
SYS_23517,PO3,IR.Cap.Digital,Rates3,IR_Option,HK
SYS_23518,PO3,IR.Cap.Digital,Rates3,IR_Option,HK
SYS_23519,PO3,IR.Cap.Digital,Rates3,IR_Option,HK
SYS_23520,PO3,IR.Cap.Digital,Rates3,IR_Option,HK
SYS_23521,PO3,IR.Cap.Digital,Rates3,IR_Option,HK
SYS_23522,PO3,IR.Cap.Digital,Rates3,IR_Option,HK
SYS_23523,PO3,IR.Cap.Digital,Rates3,IR_Option,HK
SYS_23524,PO3,IR.Collar.Vanilla,Rates3,IR_Option,HK
SYS_23525,PO3,IR.Collar.Vanilla,Rates3,IR_Option,HK
SYS_23526,PO3,IR.Collar.Vanilla,Rates3,IR_Option,HK
SYS_23527,PO3,IR.Collar.Vanilla,Rates3,IR_Option,HK
SYS_23528,PO3,IR.Collar.Vanilla,Rates3,IR_Option,HK
SYS_23529,PO3,IR.Collar.Vanilla,Rates3,IR_Option,HK
SYS_23530,PO3,IR.Collar.Vanilla,Rates3,IR_Option,HK
SYS_23531,PO1,IR.Collar.Vanilla,Rates3,IR_Option,HK
SYS_23532,PO1,IR.Collar.Digital,Rates3,IR_Option,HK
SYS_23533,PO1,IR.Collar.Digital,Rates3,IR_Option,HK
SYS_23534,PO1,IR.Collar.Digital,Rates3,IR_Option,HK
SYS_23535,PO1,IR.Collar.Digital,Rates3,IR_Option,HK
SYS_23536,PO1,IR.Collar.Digital,Rates3,IR_Option,HK
SYS_23537,PO1,IR.Collar.Digital,Rates3,IR_Option,HK
SYS_23538,PO1,IR.Collar.Digital,Rates3,IR_Option,HK
SYS_23539,PO1,IR.Collar.Digital,Rates3,IR_Option,HK
SYS_23540,PO1,IR.Collar.Digital,Rates3,IR_Option,HK
SYS_23541,PO1,IR.Collar.Digital,Rates3,IR_Option,HK
SYS_23542,PO1,IR.Floor.Vanilla,Rates3,IR_Option,HK
SYS_23543,PO1,IR.Floor.Vanilla,Rates3,IR_Option,HK
SYS_23544,PO1,IR.Floor.Vanilla,Rates3,IR_Option,HK
SYS_23545,PO1,IR.Floor.Vanilla,Rates3,IR_Option,HK
SYS_23546,PO1,IR.Swap.FixedFloat,Rates3,IR_Linear,HK
SYS_23547,PO1,IR.Swap.FixedFloat,Rates3,IR_Linear,HK
SYS_23548,PO1,IR.Swap.FixedFloat,Rates3,IR_Linear,HK
SYS_23549,PO1,IR.Swap.FixedFloat,Rates3,IR_Linear,HK
SYS_23550,PO1,IR.Swap.FixedFloat,Rates3,IR_Linear,HK
SYS_23551,PO1,IR.Swap.FixedFloat,Rates3,IR_Linear,HK
SYS_23552,PO1,IR.Swap.FixedFloat,Rates3,IR_Linear,HK
SYS_23553,PO1,IR.Swap.FixedFloat,Rates3,IR_Linear,HK
SYS_23554,PO1,IR.Swap.FixedFloat,Rates3,IR_Linear,HK
SYS_23555,PO1,IR.Swap.FixedFloat,Rates3,IR_Linear,HK
SYS_23556,PO1,IR.Swap.FixedFloat,Rates3,IR_Linear,HK
SYS_23557,PO1,IR.Swap.FixedFloat,Rates3,IR_Linear,HK
SYS_23558,PO1,IR.Swap.FixedFloat,Rates3,IR_Linear,HK
SYS_23559,PO1,IR.Swap.FixedFloat,Rates3,IR_Linear,HK
SYS_23560,PO1,IR.Swap.FixedFloat,Rates3,IR_Linear,HK
SYS_23561,PO1,IR.Swap.FixedFloat,Rates3,IR_Linear,HK
SYS_23562,PO1,IR.Swap.FixedFloat,Rates3,IR_Linear,HK
SYS_23563,PO1,IR.Swap.FixedFloat,Rates3,IR_Linear,HK
SYS_23564,PO1,IR.Swap.FixedFloat,Rates3,IR_Linear,HK
SYS_23565,PO1,IR.Swap.FixedFloat,Rates4,IR_Linear,HK
SYS_23566,PO1,IR.Swap.FixedFloat,Rates4,IR_Linear,HK
SYS_23567,PO1,IR.Swap.FixedFloat,Rates4,IR_Linear,HK
SYS_23568,PO1,IR.Swap.FixedFloat,Rates4,IR_Linear,HK
SYS_23569,PO1,IR.Swap.FixedFloat,Rates4,IR_Linear,HK
SYS_23570,PO1,IR.Swap.FixedFloat,Rates4,IR_Linear,HK
SYS_23571,PO1,IR.Swap.FixedFloat,Rates4,IR_Linear,HK
SYS_23572,PO1,IR.Swap.FixedFloat,Rates4,IR_Linear,HK
SYS_23573,PO1,IR.Swap.FixedFloat,Rates4,IR_Linear,HK
SYS_23574,PO1,IR.Swap.FixedFloat,Rates4,IR_Linear,HK
SYS_23575,PO1,IR.Swap.FixedFloat,Rates4,IR_Linear,HK
SYS_23576,PO1,IR.Swap.FixedFloat,Rates4,IR_Linear,HK
SYS_23577,PO1,IR.Swap.FixedFloat,Rates4,IR_Linear,HK
SYS_23578,PO1,IR.Swap.FixedFloat,Rates4,IR_Linear,HK
SYS_23579,PO1,IR.Swap.FixedFloat,Rates4,IR_Linear,HK
SYS_23580,PO1,IR.Swap.FixedFloat,Rates4,IR_Linear,HK
SYS_23581,PO1,IR.Swap.FixedFloat,Rates4,IR_Linear,HK
SYS_23582,PO1,IR.Swap.FixedFloat,Rates4,IR_Linear,HK
SYS_23583,PO1,IR.Swap.FixedFloat,Rates4,IR_Linear,HK
SYS_23584,PO1,IR.Swap.FixedFloat,Rates4,IR_Linear,HK
SYS_23585,PO1,IR.Swap.FixedFloat,Rates4,IR_Linear,HK
SYS_23586,PO1,IR.Swap.FixedFloat,Rates4,IR_Linear,HK
SYS_23587,PO1,IR.Swap.FixedFloat,Rates4,IR_Linear,HK
SYS_23588,PO1,IR.Swap.FixedFloat,Rates4,IR_Linear,HK
SYS_23589,PO1,IR.Swap.FixedFloat,Rates4,IR_Linear,HK
SYS_23590,PO1,IR.Swap.FixedFloat,Rates4,IR_Linear,HK
SYS_23591,PO1,IR.Swap.FixedFloat,Rates4,IR_Linear,HK
SYS_23592,PO1,IR.Swap.FixedFloat,Rates4,IR_Linear,HK
SYS_23593,PO1,IR.Swap.FixedFloat,Rates4,IR_Linear,HK
SYS_23594,PO1,IR.Swap.FixedFloat,Rates4,IR_Linear,HK
SYS_23595,PO1,IR.Swap.FixedFloat,Rates4,IR_Linear,HK
SYS_23596,PO1,IR.Swap.FixedFloat,Rates4,IR_Linear,HK
SYS_23597,PO1,IR.Swap.FixedFloat,Rates4,IR_Linear,HK
SYS_23598,PO1,IR.Swap.FixedFloat,Rates4,IR_Linear,HK
SYS_23599,PO1,IR.Swap.FixedFloat,Rates4,IR_Linear,HK
SYS_23600,PO1,IR.Swap.FixedFloat,Rates4,IR_Linear,HK
SYS_23601,PO1,IR.Swap.FixedFloat,Rates4,IR_Linear,HK
SYS_23602,PO1,IR.Swap.FixedFloat,Rates4,IR_Linear,HK
SYS_23603,PO1,IR.Swap.FixedFloat,Rates4,IR_Linear,HK
SYS_23604,PO1,IR.Swap.FixedFloat,Rates4,IR_Linear,HK
SYS_23605,PO1,IR.Swap.FixedFloat,Rates4,IR_Linear,HK
SYS_23606,PO1,IR.Swap.FixedFloat,Rates4,IR_Linear,HK
SYS_23607,PO1,IR.Swap.FixedFloat,Rates4,IR_Linear,HK
SYS_23608,PO1,IR.Swap.FixedFloat,Rates4,IR_Linear,HK
SYS_23609,PO1,IR.Swap.FixedFloat,Rates4,IR_Linear,HK
SYS_23610,PO1,IR.Swap.FixedFloat,Rates4,IR_Linear,HK
SYS_23611,PO1,IR.Swap.FixedFloat,Rates4,IR_Linear,HK
SYS_23612,PO1,IR.Swap.FixedFloat,Rates4,IR_Linear,HK
SYS_23613,PO1,IR.Swap.FixedFloat,Rates4,IR_Linear,HK
SYS_23614,PO1,IR.Swap.FixedFloat,Rates4,IR_Linear,HK
SYS_23615,PO1,IR.Swap.FixedFloat,Rates4,IR_Linear,HK
SYS_23616,PO1,IR.Swap.FixedFloat,Rates4,IR_Linear,HK
SYS_23617,PO1,IR.Swap.FixedFloat,Rates4,IR_Linear,HK
SYS_23618,PO1,IR.Swap.FixedFloat,Rates4,IR_Linear,HK
SYS_23619,PO1,IR.Swap.FixedFloat,Rates4,IR_Linear,HK
SYS_23620,PO1,IR.Swap.FixedFloat,Rates4,IR_Linear,HK
SYS_23621,PO1,IR.Swap.FixedFloat,Rates4,IR_Linear,HK
SYS_23622,PO1,IR.Swap.FixedFloat,Rates4,IR_Linear,HK
SYS_23623,PO1,IR.Swap.FixedFloat,Rates4,IR_Linear,HK
SYS_23624,PO1,IR.Swap.FixedFloat,Rates4,IR_Linear,HK
SYS_23625,PO2,IR.Swap.FixedFloat,Rates4,IR_Linear,HK
SYS_23626,PO2,IR.Swap.FixedFloat,Rates4,IR_Linear,HK
SYS_23627,PO2,IR.Swap.FixedFloat,Rates4,IR_Linear,HK
SYS_23628,PO2,IR.Swap.FixedFloat,Rates4,IR_Linear,HK
SYS_23629,PO2,IR.Swap.FixedFloat,Rates4,IR_Linear,HK
SYS_23630,PO2,IR.Swap.FixedFloat,Rates4,IR_Linear,HK
SYS_23631,PO2,IR.Swap.FixedFloat,Rates4,IR_Linear,HK
SYS_23632,PO2,IR.Swap.FixedFloat,Rates4,IR_Linear,HK
SYS_23633,PO2,IR.Swap.FixedFloat,Rates4,IR_Linear,HK
SYS_23634,PO2,IR.Swap.FixedFloat,Rates4,IR_Linear,HK
SYS_23635,PO2,IR.Swap.FixedFloat,Rates4,IR_Linear,HK
SYS_23636,PO2,IR.Swap.FixedFloat,Rates4,IR_Linear,HK
SYS_23637,PO2,IR.Swap.FixedFloat,Rates4,IR_Linear,HK
SYS_23638,PO2,IR.Swap.FixedFloat,Rates4,IR_Linear,HK
SYS_23639,PO2,IR.Swap.FixedFloat,Rates4,IR_Linear,HK
SYS_23640,PO2,IR.Swap.FixedFloat,Rates4,IR_Linear,HK
SYS_23641,PO2,IR.Swap.FixedFloat,Rates4,IR_Linear,HK
SYS_23642,PO2,IR.Swap.FixedFloat,Rates4,IR_Linear,HK
SYS_23643,PO2,IR.Swap.FixedFloat,Rates4,IR_Linear,HK
SYS_23644,PO2,IR.Swap.FixedFloat,Rates4,IR_Linear,HK
SYS_23645,PO2,IR.Swap.FixedFloat,Rates4,IR_Linear,HK
SYS_23646,PO2,IR.Swap.FixedFloat,Rates4,IR_Linear,HK
SYS_23647,PO2,IR.Swap.FixedFloat,Rates4,IR_Linear,HK
SYS_23648,PO2,IR.Swap.FixedFloat,Rates4,IR_Linear,HK
SYS_23649,PO2,IR.Swap.FixedFloat,Rates4,IR_Linear,HK
SYS_23650,PO2,IR.Swap.FixedFloat,Rates4,IR_Linear,HK
SYS_23651,PO2,IR.Swap.FixedFloat,Rates4,IR_Linear,HK
SYS_23652,PO2,IR.Swap.FixedFloat,Rates4,IR_Linear,HK
SYS_23653,PO2,IR.Swap.FixedFloat,Rates4,IR_Linear,HK
SYS_23654,PO2,IR.Swap.FixedFloat,Rates4,IR_Linear,HK
SYS_23655,PO2,IR.Swap.FixedFloat,Rates4,IR_Linear,HK
SYS_23656,PO2,IR.Swap.FixedFloat,Rates4,IR_Linear,HK
SYS_23657,PO2,IR.Swap.FixedFloat,Rates4,IR_Linear,HK
SYS_23658,PO2,IR.Swap.FixedFloat,Rates4,IR_Linear,HK
SYS_23659,PO2,IR.Swap.FixedFloat,Rates4,IR_Linear,HK
SYS_23660,PO2,IR.Swap.FixedFloat,Rates4,IR_Linear,HK
SYS_23661,PO2,IR.Swap.FixedFloat,Rates4,IR_Linear,LN
SYS_23662,PO2,IR.Swap.FixedFloat,Rates4,IR_Linear,LN
SYS_23663,PO2,IR.Swap.FixedFloat,Rates4,IR_Linear,LN
SYS_23664,PO2,IR.Swap.FixedFloat,Rates4,IR_Linear,LN
SYS_23665,PO2,IR.Swap.FixedFloat,Rates4,IR_Linear,LN
SYS_23666,PO2,IR.Swap.FixedFloat,Rates4,IR_Linear,LN
SYS_23667,PO2,IR.Swap.FixedFloat,Rates4,IR_Linear,LN
SYS_23668,PO2,IR.Swap.FixedFloat,Rates4,IR_Linear,LN
SYS_23669,PO2,IR.Swap.FixedFloat,Rates4,IR_Linear,LN
SYS_23670,PO2,IR.Swap.FixedFloat,Rates4,IR_Linear,LN
SYS_23671,PO2,IR.Swap.FixedFloat,Rates4,IR_Linear,LN
SYS_23672,PO2,IR.Swap.FixedFloat,Rates4,IR_Linear,LN
SYS_23673,PO2,IR.Swap.FixedFloat,Rates4,IR_Linear,LN
SYS_23674,PO2,IR.Swap.FixedFloat,Rates4,IR_Linear,LN
SYS_23675,PO2,IR.Swap.FixedFloat,Rates4,IR_Linear,LN
SYS_23676,PO2,IR.Swap.FixedFloat,Rates4,IR_Linear,LN
SYS_23677,PO2,IR.Swap.FixedFloat,Rates4,IR_Linear,LN
SYS_23678,PO2,IR.Swap.FixedFloat,Rates4,IR_Linear,LN
SYS_23679,PO2,IR.Swap.FixedFloat,Rates4,IR_Linear,LN
SYS_23680,PO2,IR.Swap.FixedFloat,Rates4,IR_Linear,LN
SYS_23681,PO2,IR.Swap.FixedFloat,Rates4,IR_Linear,LN
SYS_23682,PO2,IR.Swap.FixedFloat,Rates4,IR_Linear,LN
SYS_23683,PO2,IR.Swap.FixedFloat,Rates4,IR_Linear,LN
SYS_23684,PO2,IR.Swap.FixedFloat,Rates4,IR_Linear,LN
SYS_23685,PO2,IR.Swap.FixedFloat,Rates4,IR_Linear,LN
SYS_23686,PO2,IR.Swap.FixedFloat,Rates4,IR_Linear,LN
SYS_23687,PO2,IR.Swap.FixedFloat,Rates4,IR_Linear,LN
SYS_23688,PO1,IR.Swap.FixedFloat,Rates4,IR_Linear,LN
SYS_23689,PO1,IR.Swap.FixedFloat,Rates4,IR_Linear,LN
SYS_23690,PO1,IR.Swap.FixedFloat,Rates4,IR_Linear,LN
SYS_23691,PO1,IR.Swap.FixedFloat,Rates4,IR_Linear,LN
SYS_23692,PO1,IR.Swap.FixedFloat,Rates4,IR_Linear,LN
SYS_23693,PO1,IR.Swap.FixedFloat,Rates4,IR_Linear,LN
SYS_23694,PO1,IR.Swap.FixedFloat,Rates4,IR_Linear,LN
SYS_23695,PO1,IR.Swap.FixedFloat,Rates4,IR_Linear,LN
SYS_23696,PO1,IR.Swap.FixedFloat,Rates4,IR_Linear,LN
SYS_23697,PO1,IR.Swap.FixedFloat,Rates4,IR_Linear,LN
SYS_23698,PO1,IR.Swap.FixedFloat,Rates4,IR_Linear,LN
SYS_23699,PO1,IR.Swap.FixedFloat,Rates4,IR_Linear,LN
SYS_23700,PO1,IR.Swap.FixedFloat,Rates4,IR_Linear,LN
SYS_23701,PO1,IR.Swap.FixedFloat,Rates4,IR_Linear,LN
SYS_23702,PO1,IR.Swap.FixedFloat,Rates4,IR_Linear,LN
SYS_23703,PO1,IR.Swap.FixedFloat,Rates4,IR_Linear,LN
SYS_23704,PO1,IR.Swap.FixedFloat,Rates4,IR_Linear,LN
SYS_23705,PO1,IR.Swap.FixedFloat,Rates4,IR_Linear,LN
SYS_23706,PO1,IR.Swap.FixedFloat,Rates4,IR_Linear,LN
SYS_23707,PO1,IR.Swap.FixedFloat,Rates4,IR_Linear,LN
SYS_23708,PO1,IR.Swap.FixedFloat,Rates4,IR_Linear,LN
SYS_23709,PO1,IR.Swap.FixedFloat,Rates4,IR_Linear,LN
SYS_23710,PO1,IR.Swap.FixedFloat,Rates4,IR_Linear,LN
SYS_23711,PO1,IR.Swap.FixedFloat,Rates4,IR_Linear,LN
SYS_23712,PO1,IR.Swap.FixedFloat,Rates4,IR_Linear,LN
SYS_23713,PO1,IR.Swap.FixedFloat,Rates4,IR_Linear,LN
SYS_23714,PO1,IR.Swap.FixedFloat,Rates4,IR_Linear,LN
SYS_23715,PO1,IR.Swap.FixedFloat,Rates4,IR_Linear,LN
SYS_23716,PO1,IR.Swap.FixedFloat,Rates4,IR_Linear,LN
SYS_23717,PO1,IR.Swap.FixedFloat,Rates4,IR_Linear,LN
SYS_23718,PO1,IR.Swap.FixedFloat,Rates4,IR_Linear,LN
SYS_23719,PO1,IR.Swap.FixedFloat,Rates4,IR_Linear,LN
SYS_23720,PO1,IR.Swap.FixedFloat,Rates4,IR_Linear,LN
SYS_23721,PO1,IR.Swap.FixedFloat,Rates4,IR_Linear,LN
SYS_23722,PO1,IR.Swap.FixedFloat,Rates5,IR_Linear,LN
SYS_23723,PO1,IR.Swap.FixedFloat,Rates5,IR_Linear,LN
SYS_23724,PO1,IR.Swap.FixedFloat,Rates5,IR_Linear,LN
SYS_23725,PO1,IR.Swap.FixedFloat,Rates5,IR_Linear,LN
SYS_23726,PO1,IR.Swap.FixedFloat,Rates5,IR_Linear,LN
SYS_23727,PO1,IR.Swap.FixedFloat,Rates5,IR_Linear,LN
SYS_23728,PO1,IR.Swap.FixedFloat,Rates5,IR_Linear,LN
SYS_23729,PO1,IR.Swap.FixedFloat,Rates5,IR_Linear,LN
SYS_23730,PO1,IR.Swap.FixedFloat,Rates5,IR_Linear,LN
SYS_23731,PO1,IR.Swap.FixedFloat,Rates5,IR_Linear,LN
SYS_23732,PO1,IR.Swap.FixedFloat,Rates5,IR_Linear,LN
SYS_23733,PO1,IR.Swap.FixedFloat,Rates5,IR_Linear,LN
SYS_23734,PO1,IR.Swap.FixedFloat,Rates5,IR_Linear,LN
SYS_23735,PO1,IR.Swap.FixedFloat,Rates5,IR_Linear,LN
SYS_23736,PO1,IR.Swap.FixedFloat,Rates5,IR_Linear,LN
SYS_23737,PO1,IR.Swap.FixedFloat,Rates5,IR_Linear,LN
SYS_23738,PO1,IR.Swap.FixedFloat,Rates5,IR_Linear,LN
SYS_23739,PO1,IR.Swap.FixedFloat,Rates5,IR_Linear,LN
SYS_23740,PO1,IR.Swap.FixedFloat,Rates5,IR_Linear,LN
SYS_23741,PO1,IR.Swap.FixedFloat,Rates5,IR_Linear,LN
SYS_23742,PO1,IR.Swap.FixedFloat,Rates5,IR_Linear,LN
SYS_23743,PO1,IR.Swap.FixedFloat,Rates5,IR_Linear,LN
SYS_23744,PO1,IR.Swap.FixedFloat,Rates5,IR_Linear,LN
SYS_23745,PO1,IR.Swap.FixedFloat,Rates5,IR_Linear,LN
SYS_23746,PO1,IR.Swaption.European,Rates5,IR_Option,LN
SYS_23747,PO1,IR.Swaption.European,Rates5,IR_Option,LN
SYS_23748,PO1,IR.Swaption.European,Rates5,IR_Option,LN
SYS_23749,PO1,IR.Swaption.European,Rates5,IR_Option,LN
SYS_23750,PO1,IR.Swaption.European,Rates5,IR_Option,LN
SYS_23751,PO1,IR.Swaption.European,Rates5,IR_Option,LN
SYS_23752,PO1,IR.Swaption.European,Rates5,IR_Option,LN
SYS_23753,PO1,IR.Swaption.European,Rates5,IR_Option,LN
SYS_23754,PO1,IR.Swaption.European,Rates5,IR_Option,LN
SYS_23755,PO1,IR.Swaption.European,Rates5,IR_Option,LN
SYS_23756,PO1,IR.Swaption.Bermudan,Rates5,IR_Option,LN
SYS_23757,PO1,IR.Swaption.Bermudan,Rates5,IR_Option,LN
SYS_23758,PO1,IR.Swaption.Bermudan,Rates5,IR_Option,LN
SYS_23759,PO1,IR.Swaption.Bermudan,Rates5,IR_Option,LN
SYS_23760,PO1,IR.Swaption.Bermudan,Rates5,IR_Option,LN
SYS_23761,PO1,IR.Swaption.Bermudan,Rates5,IR_Option,LN
SYS_23762,PO1,IR.Swaption.Bermudan,Rates5,IR_Option,LN
SYS_23763,PO1,IR.Swaption.Bermudan,Rates5,IR_Option,LN
SYS_23764,PO1,IR.Collar.Vanilla,Rates5,IR_Option,LN
SYS_23765,PO1,IR.Collar.Vanilla,Rates5,IR_Option,LN
SYS_23766,PO1,IR.Collar.Vanilla,Rates5,IR_Option,NY
SYS_23767,PO1,IR.Collar.Vanilla,Rates5,IR_Option,NY
SYS_23768,PO1,IR.Collar.Vanilla,Rates5,IR_Option,NY
SYS_23769,PO2,IR.Collar.Vanilla,Rates5,IR_Option,NY
SYS_23770,PO2,IR.Collar.Vanilla,Rates5,IR_Option,NY
SYS_23771,PO2,IR.Collar.Vanilla,Rates5,IR_Option,NY
SYS_23772,PO2,IR.Cap.Digital,Rates5,IR_Option,NY
SYS_23773,PO2,IR.Cap.Digital,Rates5,IR_Option,NY
SYS_23774,PO2,IR.Cap.Digital,Rates5,IR_Option,NY
SYS_23775,PO2,IR.Cap.Digital,Rates5,IR_Option,NY
SYS_23776,PO2,IR.Cap.Digital,Rates5,IR_Option,NY
SYS_23777,PO2,IR.Cap.Digital,Rates5,IR_Option,NY
SYS_23778,PO2,IR.Cap.Digital,Rates5,IR_Option,NY
SYS_23779,PO2,IR.Cap.Digital,Rates5,IR_Option,NY
SYS_23780,PO2,IR.Floor.Vanilla,Rates5,IR_Option,NY
SYS_23781,PO2,IR.Floor.Vanilla,Rates5,IR_Option,NY
SYS_23782,PO2,IR.Floor.Vanilla,Rates5,IR_Option,NY
SYS_23783,PO2,IR.Floor.Vanilla,Rates5,IR_Option,NY
SYS_23784,PO2,IR.Floor.Vanilla,Rates5,IR_Option,NY
SYS_23785,PO2,IR.Floor.Vanilla,Rates5,IR_Option,NY
SYS_23786,PO2,IR.Floor.Vanilla,Rates5,IR_Option,NY
SYS_23787,PO2,IR.Floor.Vanilla,Rates5,IR_Option,NY
SYS_23788,PO2,IR.Floor.Vanilla,Rates5,IR_Option,NY
SYS_23789,PO2,IR.Floor.Vanilla,Rates5,IR_Option,NY
SYS_23790,PO2,IR.Floor.Vanilla,Rates5,IR_Option,NY
SYS_23791,PO2,IR.Collar.Vanilla,Rates5,IR_Option,NY
SYS_23792,PO2,IR.Collar.Vanilla,Rates5,IR_Option,NY
SYS_23793,PO2,IR.Collar.Vanilla,Rates5,IR_Option,NY
SYS_23794,PO2,IR.Collar.Vanilla,Rates5,IR_Option,NY
SYS_23795,PO2,IR.Collar.Vanilla,Rates5,IR_Option,NY
SYS_23796,PO2,IR.Swap.FixedFloat,Rates5,IR_Linear,NY
SYS_23797,PO2,IR.Swap.FixedFloat,Rates5,IR_Linear,NY
SYS_23798,PO2,IR.Swap.FixedFloat,Rates5,IR_Linear,NY
SYS_23799,PO2,IR.Swap.FixedFloat,Rates5,IR_Linear,NY
SYS_23800,PO2,IR.Swap.FixedFloat,Rates5,IR_Linear,NY
SYS_23801,PO2,IR.Swap.FixedFloat,Rates5,IR_Linear,NY
SYS_23802,PO2,IR.Swap.FixedFloat,Rates5,IR_Linear,NY
SYS_23803,PO2,IR.Swap.FixedFloat,Rates5,IR_Linear,NY
SYS_23804,PO2,IR.Swap.FixedFloat,Rates5,IR_Linear,NY
SYS_23805,PO2,IR.Swap.FixedFloat,Rates5,IR_Linear,NY
SYS_23806,PO2,IR.Swap.FixedFloat,Rates5,IR_Linear,NY
SYS_23807,PO2,IR.Swap.FixedFloat,Rates5,IR_Linear,NY
SYS_23808,PO2,IR.Swap.FixedFloat,Rates5,IR_Linear,NY
SYS_23809,PO2,IR.Swap.FixedFloat,Rates5,IR_Linear,NY
SYS_23810,PO2,IR.Swap.FixedFloat,Rates5,IR_Linear,NY
SYS_23811,PO2,IR.Swap.FixedFloat,Rates5,IR_Linear,NY
SYS_23812,PO2,IR.Swap.FixedFloat,Rates5,IR_Linear,NY
SYS_23813,PO2,IR.Swap.FixedFloat,Rates5,IR_Linear,NY
SYS_23814,PO2,IR.Swap.FixedFloat,Rates5,IR_Linear,NY
SYS_23815,PO2,IR.Swap.FixedFloat,Rates5,IR_Linear,NY
SYS_23816,PO2,IR.Swap.FixedFloat,Rates5,IR_Linear,NY
SYS_23817,PO2,IR.Swap.FixedFloat,Rates5,IR_Linear,NY
SYS_23818,PO1,IR.Swap.FixedFloat,Rates5,IR_Linear,NY
SYS_23819,PO1,IR.Swap.FixedFloat,Rates5,IR_Linear,NY
SYS_23820,PO1,IR.Swap.FixedFloat,Rates5,IR_Linear,NY
SYS_23821,PO1,IR.Swap.FixedFloat,Rates5,IR_Linear,NY
SYS_23822,PO1,IR.Swap.FixedFloat,Rates5,IR_Linear,NY
SYS_23823,PO1,IR.Swap.FixedFloat,Rates5,IR_Linear,NY
SYS_23824,PO1,IR.Swap.FixedFloat,Rates5,IR_Linear,NY
SYS_23825,PO1,IR.Swap.FixedFloat,Rates5,IR_Linear,NY
SYS_23826,PO1,IR.Swap.FixedFloat,Rates5,IR_Linear,NY
SYS_23827,PO1,IR.Swap.FixedFloat,Rates5,IR_Linear,NY
SYS_23828,PO1,IR.Swap.FixedFloat,Rates5,IR_Linear,NY
SYS_23829,PO1,IR.Swap.FixedFloat,Rates5,IR_Linear,NY
SYS_23830,PO1,IR.Swap.FixedFloat,Rates5,IR_Linear,NY
SYS_23831,PO1,IR.Swap.FixedFloat,Rates5,IR_Linear,NY
SYS_23832,PO1,IR.Swap.FixedFloat,Rates5,IR_Linear,NY
SYS_23833,PO1,IR.Swap.FixedFloat,Rates5,IR_Linear,NY
SYS_23834,PO1,IR.Swap.FixedFloat,Rates5,IR_Linear,NY
SYS_23835,PO1,IR.Swap.FixedFloat,Rates5,IR_Linear,NY
SYS_23836,PO1,IR.Swap.FixedFloat,Rates5,IR_Linear,NY
SYS_23837,PO1,IR.Swap.FixedFloat,Rates5,IR_Linear,NY
SYS_23838,PO1,IR.Swap.FixedFloat,Rates5,IR_Linear,NY
SYS_23839,PO1,IR.Swap.FixedFloat,Rates5,IR_Linear,NY
SYS_23840,PO1,IR.Swap.FixedFloat,Rates5,IR_Linear,NY
SYS_23841,PO1,IR.Swap.FixedFloat,Rates5,IR_Linear,NY
SYS_23842,PO1,IR.Swap.FixedFloat,Rates5,IR_Linear,NY
SYS_23843,PO1,IR.Swap.FixedFloat,Rates5,IR_Linear,NY
SYS_23844,PO1,IR.Swap.FixedFloat,Rates5,IR_Linear,NY
SYS_23845,PO1,IR.Swap.FixedFloat,Rates5,IR_Linear,NY
SYS_23846,PO1,IR.Swap.FixedFloat,Rates5,IR_Linear,NY
SYS_23847,PO1,IR.Swap.FixedFloat,Rates5,IR_Linear,NY
SYS_23848,PO1,IR.Swap.FixedFloat,Rates5,IR_Linear,NY
SYS_23849,PO1,IR.Swap.FixedFloat,Rates5,IR_Linear,NY
SYS_23850,PO1,IR.Swap.FixedFloat,Rates5,IR_Linear,NY
SYS_23851,PO1,IR.Swap.FixedFloat,Rates5,IR_Linear,NY
SYS_23852,PO1,IR.Swap.FixedFloat,Rates5,IR_Linear,NY
SYS_23853,PO1,IR.Swap.FixedFloat,Rates5,IR_Linear,NY
SYS_23854,PO1,IR.Swap.FixedFloat,Rates5,IR_Linear,NY
SYS_23855,PO1,IR.Swap.FixedFloat,Rates5,IR_Linear,NY
SYS_23856,PO1,IR.Swap.FixedFloat,Rates5,IR_Linear,NY
SYS_23857,PO1,IR.Swap.FixedFloat,Rates5,IR_Linear,NY
SYS_23858,PO1,IR.Swap.FixedFloat,Rates5,IR_Linear,NY
SYS_23859,PO1,IR.Swap.FixedFloat,Rates5,IR_Linear,NY
SYS_23860,PO1,IR.Swap.FixedFloat,Rates5,IR_Linear,NY
SYS_23861,PO1,IR.Swap.FixedFloat,Rates5,IR_Linear,NY
SYS_23862,PO1,IR.Swap.FixedFloat,Rates5,IR_Linear,NY
SYS_23863,PO1,IR.Swap.FixedFloat,Rates5,IR_Linear,NY
SYS_23864,PO1,IR.Swap.FixedFloat,Rates5,IR_Linear,NY
SYS_23865,PO1,IR.Swap.FixedFloat,Rates5,IR_Linear,NY
SYS_23866,PO1,IR.Swap.FixedFloat,Rates5,IR_Linear,NY
SYS_23867,PO1,IR.Swap.FixedFloat,Rates5,IR_Linear,NY
SYS_23868,PO1,IR.Swap.FixedFloat,Rates5,IR_Linear,NY
SYS_23869,PO1,IR.Swap.FixedFloat,Rates5,IR_Linear,NY
SYS_23870,PO1,IR.Swap.FixedFloat,Rates5,IR_Linear,NY
SYS_23871,PO1,IR.Swap.FixedFloat,Rates5,IR_Linear,NY
SYS_23872,PO1,IR.Swap.FixedFloat,Rates5,IR_Linear,NY
SYS_23873,PO1,IR.Swap.FixedFloat,Rates5,IR_Linear,NY
SYS_23874,PO1,IR.Swap.FixedFloat,Rates5,IR_Linear,NY
SYS_23875,PO1,IR.Swap.FixedFloat,Rates5,IR_Linear,NY
SYS_23876,PO1,IR.Swap.FixedFloat,Rates5,IR_Linear,NY
SYS_23877,PO1,IR.Swap.FixedFloat,Rates5,IR_Linear,NY
SYS_23878,PO1,IR.Swap.FixedFloat,Rates5,IR_Linear,NY
SYS_23879,PO1,IR.Swap.FixedFloat,Rates5,IR_Linear,NY
SYS_23880,PO1,IR.Swap.FixedFloat,Rates5,IR_Linear,NY
SYS_23881,PO1,IR.Swap.FixedFloat,Rates5,IR_Linear,NY
SYS_23882,PO1,IR.Swap.FixedFloat,Rates5,IR_Linear,NY
SYS_23883,PO1,IR.Swap.FixedFloat,Rates5,IR_Linear,NY
SYS_23884,PO1,IR.Swap.FixedFloat,Rates5,IR_Linear,NY
SYS_23885,PO3,IR.Swap.FixedFloat,Rates5,IR_Linear,NY
SYS_23886,PO3,IR.Swap.FixedFloat,Rates5,IR_Linear,NY
SYS_23887,PO3,IR.Swap.FixedFloat,Rates5,IR_Linear,NY
SYS_23888,PO3,IR.Swap.FixedFloat,Rates5,IR_Linear,NY
SYS_23889,PO3,IR.Swap.FixedFloat,Rates5,IR_Linear,NY
SYS_23890,PO3,IR.Swap.FixedFloat,Rates5,IR_Linear,NY
SYS_23891,PO3,IR.Swap.FixedFloat,Rates5,IR_Linear,NY
SYS_23892,PO3,IR.Swap.FixedFloat,Rates5,IR_Linear,NY
SYS_23893,PO3,IR.Swap.FixedFloat,Rates5,IR_Linear,NY
SYS_23894,PO3,IR.Swap.FixedFloat,Rates5,IR_Linear,NY
SYS_23895,PO3,IR.Swap.FixedFloat,Rates5,IR_Linear,NY
SYS_23896,PO3,IR.Swap.FixedFloat,Rates5,IR_Linear,NY
SYS_23897,PO3,IR.Swap.FixedFloat,Rates5,IR_Linear,NY
SYS_23898,PO3,IR.Swap.FixedFloat,Rates5,IR_Linear,NY
SYS_23899,PO3,IR.Swap.FixedFloat,Rates5,IR_Linear,NY
SYS_23900,PO3,IR.Swap.FixedFloat,Rates5,IR_Linear,NY
SYS_23901,PO3,IR.Swap.FixedFloat,Rates5,IR_Linear,NY
SYS_23902,PO3,IR.Swap.FixedFloat,Rates5,IR_Linear,NY
SYS_23903,PO3,IR.Swap.FixedFloat,Rates5,IR_Linear,NY
SYS_23904,PO3,IR.Swap.FixedFloat,Rates5,IR_Linear,NY
SYS_23905,PO3,IR.Swap.FixedFloat,Rates5,IR_Linear,NY
SYS_23906,PO3,IR.Swap.FixedFloat,Rates5,IR_Linear,NY
SYS_23907,PO3,IR.Swap.FixedFloat,Rates5,IR_Linear,NY
SYS_23908,PO3,IR.Swap.FixedFloat,Rates5,IR_Linear,NY
SYS_23909,PO3,IR.Swap.FixedFloat,Rates5,IR_Linear,NY
SYS_23910,PO3,IR.Swap.FixedFloat,Rates5,IR_Linear,NY
SYS_23911,PO3,IR.Swap.FixedFloat,Rates5,IR_Linear,NY
SYS_23912,PO3,IR.Swap.FixedFloat,Rates5,IR_Linear,NY
SYS_23913,PO3,IR.Swap.FixedFloat,Rates5,IR_Linear,NY
SYS_23914,PO3,IR.Swap.FixedFloat,Rates5,IR_Linear,NY
SYS_23915,PO3,IR.Swap.FixedFloat,Rates5,IR_Linear,NY
SYS_23916,PO3,IR.Swap.FixedFloat,Rates5,IR_Linear,NY
SYS_23917,PO3,IR.Swap.FixedFloat,Rates5,IR_Linear,NY
SYS_23918,PO3,IR.Swap.FixedFloat,Rates5,IR_Linear,NY
SYS_23919,PO3,IR.Swap.FixedFloat,Rates5,IR_Linear,NY
SYS_23920,PO3,IR.Swap.FixedFloat,Rates6,IR_Linear,NY
SYS_23921,PO3,IR.Swaption.Bermudan,Rates6,IR_Option,NY
SYS_23922,PO3,IR.Swaption.Bermudan,Rates6,IR_Option,NY
SYS_23923,PO3,IR.Swaption.Bermudan,Rates6,IR_Option,NY
SYS_23924,PO3,IR.Swaption.Bermudan,Rates6,IR_Option,NY
SYS_23925,PO3,IR.Swaption.Bermudan,Rates6,IR_Option,NY
SYS_23926,PO3,IR.Swaption.Bermudan,Rates6,IR_Option,NY
SYS_23927,PO3,IR.Swaption.European,Rates6,IR_Option,NY
SYS_23928,PO3,IR.Swaption.European,Rates6,IR_Option,NY
SYS_23929,PO3,IR.Swaption.European,Rates6,IR_Option,NY
SYS_23930,PO3,IR.Swaption.European,Rates6,IR_Option,NY
SYS_23931,PO3,IR.Swaption.European,Rates6,IR_Option,NY
SYS_23932,PO3,IR.Swaption.European,Rates6,IR_Option,NY
SYS_23933,PO3,IR.Swaption.European,Rates6,IR_Option,NY
SYS_23934,PO3,IR.Swaption.European,Rates6,IR_Option,NY
SYS_23935,PO3,IR.Collar.Vanilla,Rates6,IR_Option,NY
SYS_23936,PO3,IR.Collar.Vanilla,Rates6,IR_Option,NY
SYS_23937,PO3,IR.Collar.Vanilla,Rates6,IR_Option,NY
SYS_23938,PO3,IR.Collar.Vanilla,Rates6,IR_Option,NY
SYS_23939,PO3,IR.Collar.Vanilla,Rates6,IR_Option,NY
SYS_23940,PO3,IR.Collar.Vanilla,Rates6,IR_Option,NY
SYS_23941,PO3,IR.Collar.Vanilla,Rates6,IR_Option,NY
SYS_23942,PO3,IR.Collar.Digital,Rates6,IR_Option,NY
SYS_23943,PO3,IR.Collar.Digital,Rates6,IR_Option,NY
SYS_23944,PO3,IR.Collar.Digital,Rates6,IR_Option,NY
SYS_23945,PO3,IR.Collar.Digital,Rates6,IR_Option,NY
SYS_23946,PO3,IR.Collar.Digital,Rates6,IR_Option,NY
SYS_23947,PO3,IR.Collar.Digital,Rates6,IR_Option,NY
SYS_23948,PO3,IR.Collar.Digital,Rates6,IR_Option,NY
SYS_23949,PO3,IR.Collar.Digital,Rates6,IR_Option,NY
SYS_23950,PO3,IR.Collar.Digital,Rates6,IR_Option,NY
SYS_23951,PO3,IR.Collar.Digital,Rates6,IR_Option,NY
SYS_23952,PO3,IR.Collar.Digital,Rates6,IR_Option,NY
SYS_23953,PO3,IR.Cap.Digital,Rates6,IR_Option,NY
SYS_23954,PO3,IR.Cap.Digital,Rates6,IR_Option,NY
SYS_23955,PO3,IR.Cap.Digital,Rates6,IR_Option,NY
SYS_23956,PO3,IR.Cap.Digital,Rates6,IR_Option,NY
SYS_23957,PO3,IR.Cap.Digital,Rates6,IR_Option,NY
SYS_23958,PO3,IR.Cap.Digital,Rates6,IR_Option,HK
SYS_23959,PO3,IR.Cap.Digital,Rates6,IR_Option,HK
SYS_23960,PO3,IR.Cap.Digital,Rates6,IR_Option,HK
SYS_23961,PO3,IR.Cap.Digital,Rates6,IR_Option,HK
SYS_23962,PO3,IR.Cap.Digital,Rates6,IR_Option,HK
SYS_23963,PO3,IR.Cap.Digital,Rates6,IR_Option,HK
SYS_23964,PO3,IR.Cap.Vanilla,Rates6,IR_Option,HK
SYS_23965,PO3,IR.Cap.Vanilla,Rates6,IR_Option,HK
SYS_23966,PO3,IR.Cap.Vanilla,Rates6,IR_Option,HK
SYS_23967,PO3,IR.Cap.Vanilla,Rates6,IR_Option,HK
SYS_23968,PO3,IR.Cap.Vanilla,Rates6,IR_Option,HK
SYS_23969,PO3,IR.Cap.Vanilla,Rates6,IR_Option,HK
SYS_23970,PO3,IR.Cap.Vanilla,Rates6,IR_Option,HK
SYS_23971,PO3,IR.Cap.Vanilla,Rates6,IR_Option,HK
SYS_23972,PO3,IR.Cap.Vanilla,Rates6,IR_Option,HK
SYS_23973,PO3,IR.Cap.Vanilla,Rates6,IR_Option,HK
SYS_23974,PO3,IR.Cap.Vanilla,Rates6,IR_Option,HK
SYS_23975,PO3,IR.Cap.Vanilla,Rates6,IR_Option,HK
SYS_23976,PO3,IR.Cap.Vanilla,Rates6,IR_Option,HK
SYS_23977,PO3,IR.Cap.Vanilla,Rates6,IR_Option,HK
SYS_23978,PO3,IR.Cap.Vanilla,Rates6,IR_Option,HK
SYS_23979,PO3,IR.Cap.Vanilla,Rates6,IR_Option,HK
SYS_23980,PO3,IR.Cap.Vanilla,Rates6,IR_Option,HK
SYS_23981,PO3,IR.Cap.Vanilla,Rates6,IR_Option,HK
SYS_23982,PO3,IR.Cap.Vanilla,Rates6,IR_Option,HK
SYS_23983,PO3,IR.Floor.Vanilla,Rates6,IR_Option,HK
SYS_23984,PO3,IR.Floor.Vanilla,Rates6,IR_Option,HK
SYS_23985,PO3,IR.Floor.Vanilla,Rates6,IR_Option,HK
SYS_23986,PO3,IR.Floor.Vanilla,Rates6,IR_Option,HK
SYS_23987,PO3,IR.Floor.Vanilla,Rates6,IR_Option,HK
SYS_23988,PO3,IR.Floor.Vanilla,Rates6,IR_Option,HK
SYS_23989,PO3,IR.Floor.Vanilla,Rates6,IR_Option,HK
SYS_23990,PO3,IR.Floor.Vanilla,Rates6,IR_Option,HK
SYS_23991,PO3,IR.Floor.Vanilla,Rates6,IR_Option,HK
SYS_23992,PO3,IR.Floor.Vanilla,Rates6,IR_Option,HK
SYS_23993,PO1,IR.Floor.Vanilla,Rates6,IR_Option,HK
SYS_23994,PO1,IR.Floor.Vanilla,Rates6,IR_Option,HK
SYS_23995,PO1,IR.Floor.Vanilla,Rates6,IR_Option,HK
SYS_23996,PO1,IR.Swap.FixedFloat,Rates6,IR_Linear,HK
SYS_23997,PO1,IR.Swap.FixedFloat,Rates6,IR_Linear,HK
SYS_23998,PO1,IR.Swap.FixedFloat,Rates6,IR_Linear,HK
SYS_23999,PO1,IR.Swap.FixedFloat,Rates6,IR_Linear,HK
SYS_24000,PO1,IR.Swap.FixedFloat,Rates6,IR_Linear,HK
SYS_24001,PO1,IR.Swap.FixedFloat,Rates6,IR_Linear,HK
SYS_24002,PO1,IR.Swap.FixedFloat,Rates6,IR_Linear,HK
SYS_24003,PO1,IR.Swap.FixedFloat,Rates6,IR_Linear,HK
SYS_24004,PO1,IR.Swap.FixedFloat,Rates6,IR_Linear,HK
SYS_24005,PO1,IR.Swap.FixedFloat,Rates6,IR_Linear,HK
SYS_24006,PO1,IR.Swap.FixedFloat,Rates6,IR_Linear,HK
SYS_24007,PO1,IR.Swap.FixedFloat,Rates6,IR_Linear,HK
SYS_24008,PO1,IR.Swap.FixedFloat,Rates6,IR_Linear,HK
SYS_24009,PO1,IR.Swap.FixedFloat,Rates6,IR_Linear,HK
SYS_24010,PO1,IR.Swap.FixedFloat,Rates6,IR_Linear,HK
SYS_24011,PO1,IR.Swap.FixedFloat,Rates6,IR_Linear,HK
SYS_24012,PO1,IR.Swap.FixedFloat,Rates6,IR_Linear,HK
SYS_24013,PO1,IR.Swap.FixedFloat,Rates6,IR_Linear,HK
SYS_24014,PO1,IR.Swap.FixedFloat,Rates6,IR_Linear,HK
SYS_24015,PO1,IR.Swap.FixedFloat,Rates6,IR_Linear,HK
SYS_24016,PO1,IR.Swap.FixedFloat,Rates6,IR_Linear,HK
SYS_24017,PO1,IR.Swap.FixedFloat,Rates6,IR_Linear,HK
SYS_24018,PO1,IR.Swap.FixedFloat,Rates6,IR_Linear,HK
SYS_24019,PO1,IR.Swap.FixedFloat,Rates6,IR_Linear,HK
SYS_24020,PO1,IR.Swap.FixedFloat,Rates6,IR_Linear,HK
SYS_24021,PO1,IR.Swap.FixedFloat,Rates6,IR_Linear,HK
SYS_24022,PO1,IR.Swap.FixedFloat,Rates6,IR_Linear,HK
SYS_24023,PO1,IR.Swap.FixedFloat,Rates6,IR_Linear,HK
SYS_24024,PO1,IR.Swap.FixedFloat,Rates6,IR_Linear,HK
SYS_24025,PO1,IR.Swap.FixedFloat,Rates6,IR_Linear,HK
SYS_24026,PO1,IR.Swap.FixedFloat,Rates6,IR_Linear,HK
SYS_24027,PO3,IR.Swap.FixedFloat,Rates6,IR_Linear,HK
SYS_24028,PO3,IR.Swap.FixedFloat,Rates6,IR_Linear,HK
SYS_24029,PO3,IR.Swap.FixedFloat,Rates6,IR_Linear,HK
SYS_24030,PO3,IR.Swap.FixedFloat,Rates6,IR_Linear,HK
SYS_24031,PO3,IR.Swap.FixedFloat,Rates6,IR_Linear,HK
SYS_24032,PO3,IR.Swap.FixedFloat,Rates6,IR_Linear,HK
SYS_24033,PO3,IR.Swap.FixedFloat,Rates6,IR_Linear,HK
SYS_24034,PO3,IR.Swap.FixedFloat,Rates6,IR_Linear,HK
SYS_24035,PO3,IR.Swap.FixedFloat,Rates6,IR_Linear,HK
SYS_24036,PO3,IR.Swap.FixedFloat,Rates6,IR_Linear,HK
SYS_24037,PO3,IR.Swap.FixedFloat,Rates6,IR_Linear,HK
SYS_24038,PO3,IR.Swap.FixedFloat,Rates6,IR_Linear,HK
SYS_24039,PO3,IR.Swap.FixedFloat,Rates6,IR_Linear,HK
SYS_24040,PO3,IR.Swap.FixedFloat,Rates6,IR_Linear,HK
SYS_24041,PO3,IR.Swap.FixedFloat,Rates6,IR_Linear,HK
SYS_24042,PO3,IR.Swap.FixedFloat,Rates6,IR_Linear,HK
SYS_24043,PO3,IR.Swap.FixedFloat,Rates6,IR_Linear,HK
SYS_24044,PO3,IR.Swap.FixedFloat,Rates6,IR_Linear,HK
SYS_24045,PO3,IR.Swap.FixedFloat,Rates6,IR_Linear,HK
SYS_24046,PO3,IR.Swap.FixedFloat,Rates6,IR_Linear,HK
SYS_24047,PO3,IR.Swap.FixedFloat,Rates6,IR_Linear,HK
SYS_24048,PO3,IR.Swap.FixedFloat,Rates6,IR_Linear,HK
SYS_24049,PO3,IR.Swap.FixedFloat,Rates6,IR_Linear,HK
SYS_24050,PO3,IR.Swap.FixedFloat,Rates6,IR_Linear,HK
SYS_24051,PO3,IR.Swap.FixedFloat,Rates6,IR_Linear,HK
SYS_24052,PO3,IR.Swap.FixedFloat,Rates6,IR_Linear,HK
SYS_24053,PO3,IR.Swap.FixedFloat,Rates6,IR_Linear,HK
SYS_24054,PO3,IR.Swap.FixedFloat,Rates6,IR_Linear,HK
SYS_24055,PO3,IR.Swap.FixedFloat,Rates6,IR_Linear,HK
SYS_24056,PO3,IR.Swap.FixedFloat,Rates6,IR_Linear,HK
SYS_24057,PO3,IR.Swap.FixedFloat,Rates6,IR_Linear,HK
SYS_24058,PO3,IR.Swap.FixedFloat,Rates6,IR_Linear,HK
SYS_24059,PO3,IR.Swap.FixedFloat,Rates6,IR_Linear,HK
SYS_24060,PO3,IR.Swap.FixedFloat,Rates6,IR_Linear,HK
SYS_24061,PO3,IR.Swap.FixedFloat,Rates6,IR_Linear,HK
SYS_24062,PO3,IR.Swap.FixedFloat,Rates6,IR_Linear,HK
SYS_24063,PO3,IR.Swap.FixedFloat,Rates6,IR_Linear,HK
SYS_24064,PO3,IR.Swap.FixedFloat,Rates6,IR_Linear,HK
SYS_24065,PO3,IR.Swap.FixedFloat,Rates6,IR_Linear,HK
SYS_24066,PO3,IR.Swap.FixedFloat,Rates6,IR_Linear,HK
SYS_24067,PO3,IR.Swap.FixedFloat,Rates6,IR_Linear,HK
SYS_24068,PO3,IR.Swap.FixedFloat,Rates6,IR_Linear,HK
SYS_24069,PO3,IR.Swap.FixedFloat,Rates6,IR_Linear,LN
SYS_24070,PO3,IR.Swap.FixedFloat,Rates6,IR_Linear,LN
SYS_24071,PO3,IR.Swap.FixedFloat,Rates6,IR_Linear,LN
SYS_24072,PO3,IR.Swap.FixedFloat,Rates6,IR_Linear,LN
SYS_24073,PO3,IR.Swap.FixedFloat,Rates6,IR_Linear,LN
SYS_24074,PO3,IR.Swap.FixedFloat,Rates6,IR_Linear,LN
SYS_24075,PO3,IR.Swap.FixedFloat,Rates6,IR_Linear,LN
SYS_24076,PO3,IR.Swap.FixedFloat,Rates6,IR_Linear,LN
SYS_24077,PO3,IR.Swap.FixedFloat,Rates6,IR_Linear,LN
SYS_24078,PO3,IR.Swap.FixedFloat,Rates6,IR_Linear,LN
SYS_24079,PO3,IR.Swap.FixedFloat,Rates6,IR_Linear,LN
SYS_24080,PO1,IR.Swap.FixedFloat,Rates6,IR_Linear,LN
SYS_24081,PO1,IR.Swap.FixedFloat,Rates6,IR_Linear,LN
SYS_24082,PO1,IR.Swap.FixedFloat,Rates6,IR_Linear,LN
SYS_24083,PO1,IR.Swap.FixedFloat,Rates6,IR_Linear,LN
SYS_24084,PO1,IR.Swap.FixedFloat,Rates6,IR_Linear,LN
SYS_24085,PO1,IR.Swap.FixedFloat,Rates6,IR_Linear,LN
SYS_24086,PO1,IR.Swap.FixedFloat,Rates6,IR_Linear,LN
SYS_24087,PO1,IR.Swap.FixedFloat,Rates6,IR_Linear,LN
SYS_24088,PO1,IR.Swap.FixedFloat,Rates6,IR_Linear,LN
SYS_24089,PO1,IR.Swap.FixedFloat,Rates6,IR_Linear,LN
SYS_24090,PO1,IR.Swap.FixedFloat,Rates6,IR_Linear,LN
SYS_24091,PO1,IR.Swap.FixedFloat,Rates6,IR_Linear,LN
SYS_24092,PO1,IR.Swap.FixedFloat,Rates6,IR_Linear,LN
SYS_24093,PO1,IR.Swap.FixedFloat,Rates6,IR_Linear,LN
SYS_24094,PO1,IR.Swap.FixedFloat,Rates6,IR_Linear,LN
SYS_24095,PO1,IR.Swap.FixedFloat,Rates6,IR_Linear,LN
SYS_24096,PO1,IR.Swap.FixedFloat,Rates6,IR_Linear,LN
SYS_24097,PO1,IR.Swap.FixedFloat,Rates6,IR_Linear,LN
SYS_24098,PO1,IR.Swap.FixedFloat,Rates6,IR_Linear,LN
SYS_24099,PO1,IR.Swap.FixedFloat,Rates6,IR_Linear,LN
SYS_24100,PO1,IR.Swap.FixedFloat,Rates6,IR_Linear,LN
SYS_33101,PO1,FX.Option.Vanilla.Call,FX1,FX_Option,LN
SYS_33102,PO1,FX.Option.Vanilla.Call,FX1,FX_Option,LN
SYS_33103,PO1,FX.Option.Vanilla.Call,FX1,FX_Option,LN
SYS_33104,PO1,FX.Option.Vanilla.Call,FX1,FX_Option,LN
SYS_33105,PO1,FX.Option.Vanilla.Call,FX1,FX_Option,LN
SYS_33106,PO1,FX.Option.Vanilla.Call,FX1,FX_Option,LN
SYS_33107,PO1,FX.Option.Vanilla.Call,FX1,FX_Option,LN
SYS_33108,PO1,FX.Option.Vanilla.Call,FX1,FX_Option,LN
SYS_33109,PO1,FX.Option.Vanilla.Call,FX1,FX_Option,LN
SYS_33110,PO1,FX.Option.Vanilla.Call,FX1,FX_Option,LN
SYS_33111,PO1,FX.Option.Vanilla.Call,FX1,FX_Option,LN
SYS_33112,PO1,FX.Option.Vanilla.Call,FX1,FX_Option,LN
SYS_33113,PO1,FX.Option.Vanilla.Call,FX1,FX_Option,LN
SYS_33114,PO1,FX.Option.Vanilla.Call,FX1,FX_Option,LN
SYS_33115,PO1,FX.Option.Vanilla.Call,FX1,FX_Option,LN
SYS_33116,PO1,FX.Option.Vanilla.Call,FX1,FX_Option,LN
SYS_33117,PO1,FX.Option.Vanilla.Call,FX1,FX_Option,LN
SYS_33118,PO1,FX.Option.Vanilla.Put,FX1,FX_Option,LN
SYS_33119,PO1,FX.Option.Vanilla.Put,FX1,FX_Option,LN
SYS_33120,PO1,FX.Option.Vanilla.Put,FX1,FX_Option,LN
SYS_33121,PO1,FX.Option.Vanilla.Put,FX1,FX_Option,LN
SYS_33122,PO1,FX.Option.Vanilla.Put,FX1,FX_Option,LN
SYS_33123,PO1,FX.Option.Vanilla.Put,FX1,FX_Option,LN
SYS_33124,PO1,FX.Option.Vanilla.Put,FX1,FX_Option,LN
SYS_33125,PO2,FX.Option.Vanilla.Put,FX1,FX_Option,LN
SYS_33126,PO2,FX.Option.Vanilla.Put,FX1,FX_Option,LN
SYS_33127,PO2,FX.Option.Vanilla.Put,FX1,FX_Option,LN
SYS_33128,PO2,FX.Option.Vanilla.Put,FX1,FX_Option,NY
SYS_33129,PO2,FX.Option.Vanilla.Put,FX1,FX_Option,NY
SYS_33130,PO2,FX.Option.Digital.Put,FX1,FX_Option,NY
SYS_33131,PO2,FX.Option.Digital.Put,FX1,FX_Option,NY
SYS_33132,PO2,FX.Option.Digital.Put,FX1,FX_Option,NY
SYS_33133,PO2,FX.Option.Digital.Put,FX1,FX_Option,NY
SYS_33134,PO2,FX.Option.Digital.Put,FX1,FX_Option,NY
SYS_33135,PO2,FX.Option.Digital.Put,FX1,FX_Option,NY
SYS_33136,PO2,FX.Option.Digital.Put,FX1,FX_Option,NY
SYS_33137,PO2,FX.Option.Digital.Put,FX1,FX_Option,NY
SYS_33138,PO2,FX.Option.Digital.Put,FX1,FX_Option,NY
SYS_33139,PO2,FX.Option.Digital.Put,FX1,FX_Option,NY
SYS_33140,PO2,FX.Option.Digital.Put,FX1,FX_Option,NY
SYS_33141,PO2,FX.Option.Digital.Put,FX1,FX_Option,NY
SYS_33142,PO2,FX.Option.Digital.Put,FX1,FX_Option,NY
SYS_33143,PO2,FX.Option.Digital.Put,FX1,FX_Option,NY
SYS_33144,PO2,FX.Option.Digital.Call,FX1,FX_Option,NY
SYS_33145,PO2,FX.Option.Digital.Call,FX1,FX_Option,NY
SYS_33146,PO2,FX.Swap,FX1,FX_Linear,NY
SYS_33147,PO2,FX.Swap,FX1,FX_Linear,NY
SYS_33148,PO2,FX.Swap,FX1,FX_Linear,NY
SYS_33149,PO2,FX.Swap,FX1,FX_Linear,NY
SYS_33150,PO2,FX.Swap,FX1,FX_Linear,NY
SYS_33151,PO2,FX.Swap,FX1,FX_Linear,NY
SYS_33152,PO2,FX.Swap,FX1,FX_Linear,NY
SYS_33153,PO2,FX.Swap,FX1,FX_Linear,NY
SYS_33154,PO2,FX.Swap,FX1,FX_Linear,NY
SYS_33155,PO2,FX.Swap,FX1,FX_Linear,NY
SYS_33156,PO2,FX.Swap,FX1,FX_Linear,NY
SYS_33157,PO2,FX.Swap,FX1,FX_Linear,NY
SYS_33158,PO2,FX.Swap,FX1,FX_Linear,NY
SYS_33159,PO2,FX.Swap,FX1,FX_Linear,NY
SYS_33160,PO2,FX.Swap,FX1,FX_Linear,NY
SYS_33161,PO2,FX.Swap,FX1,FX_Linear,NY
SYS_33162,PO2,FX.Swap,FX1,FX_Linear,NY
SYS_33163,PO2,FX.Swap,FX2,FX_Linear,NY
SYS_33164,PO2,FX.Swap,FX2,FX_Linear,NY
SYS_33165,PO1,FX.Swap,FX2,FX_Linear,NY
SYS_33166,PO1,FX.Swap,FX2,FX_Linear,NY
SYS_33167,PO1,FX.Swap,FX2,FX_Linear,NY
SYS_33168,PO1,FX.Forward,FX2,FX_Linear,NY
SYS_33169,PO1,FX.Forward,FX2,FX_Linear,NY
SYS_33170,PO1,FX.Forward,FX2,FX_Linear,NY
SYS_33171,PO1,FX.Option.Digital.Call,FX2,FX_Option,NY
SYS_33172,PO1,FX.Option.Digital.Call,FX2,FX_Option,NY
SYS_33173,PO1,FX.Option.Digital.Call,FX2,FX_Option,NY
SYS_33174,PO1,FX.Option.Digital.Call,FX2,FX_Option,NY
SYS_33175,PO1,FX.Option.Digital.Call,FX2,FX_Option,NY
SYS_33176,PO1,FX.Option.Digital.Call,FX2,FX_Option,NY
SYS_33177,PO1,FX.Option.Digital.Call,FX2,FX_Option,NY
SYS_33178,PO1,FX.Option.Digital.Call,FX2,FX_Option,NY
SYS_33179,PO1,FX.Option.Digital.Call,FX2,FX_Option,NY
SYS_33180,PO1,FX.Option.Digital.Call,FX2,FX_Option,NY
SYS_33181,PO1,FX.Option.Barrier.Call,FX2,FX_Option,NY
SYS_33182,PO1,FX.Option.Barrier.Call,FX2,FX_Option,NY
SYS_33183,PO1,FX.Option.Barrier.Call,FX2,FX_Option,NY
SYS_33184,PO1,FX.Option.Barrier.Call,FX2,FX_Option,NY
SYS_33185,PO1,FX.Option.Barrier.Call,FX2,FX_Option,NY
SYS_33186,PO1,FX.Option.Barrier.Call,FX2,FX_Option,NY
SYS_33187,PO3,FX.Option.Barrier.Call,FX2,FX_Option,NY
SYS_33188,PO3,FX.Option.Barrier.Call,FX2,FX_Option,NY
SYS_33189,PO3,FX.Option.Barrier.Call,FX2,FX_Option,NY
SYS_33190,PO3,FX.Option.Barrier.Call,FX2,FX_Option,HK
SYS_33191,PO3,FX.Option.Barrier.Call,FX2,FX_Option,HK
SYS_33192,PO3,FX.Option.Barrier.Call,FX2,FX_Option,HK
SYS_33193,PO3,FX.Option.Asian.Call,FX2,FX_Option,HK
SYS_33194,PO3,FX.Option.Asian.Call,FX2,FX_Option,HK
SYS_33195,PO3,FX.Option.Asian.Call,FX2,FX_Option,HK
SYS_33196,PO3,FX.Option.Asian.Call,FX2,FX_Option,HK
SYS_33197,PO3,FX.Option.Asian.Call,FX2,FX_Option,HK
SYS_33198,PO3,FX.Option.Asian.Call,FX2,FX_Option,HK
SYS_33199,PO3,FX.Option.Asian.Call,FX2,FX_Option,HK
SYS_33200,PO3,FX.Forward,FX2,FX_Linear,HK
SYS_33201,PO3,FX.Forward,FX2,FX_Linear,HK
SYS_33202,PO3,FX.Forward,FX2,FX_Linear,HK
SYS_33203,PO3,FX.Forward,FX2,FX_Linear,HK
SYS_33204,PO3,FX.Forward,FX2,FX_Linear,HK
SYS_33205,PO3,FX.Forward,FX2,FX_Linear,HK
SYS_33206,PO3,FX.Forward,FX2,FX_Linear,HK
SYS_33207,PO3,FX.Forward,FX2,FX_Linear,HK
SYS_33208,PO3,FX.Forward,FX2,FX_Linear,HK
SYS_33209,PO3,FX.Forward,FX2,FX_Linear,HK
SYS_33210,PO3,FX.Forward,FX2,FX_Linear,HK
SYS_33211,PO3,FX.Forward,FX2,FX_Linear,HK
SYS_33212,PO3,FX.Forward,FX2,FX_Linear,HK
SYS_33213,PO3,FX.Forward,FX2,FX_Linear,HK
SYS_33214,PO3,FX.Forward,FX2,FX_Linear,HK
SYS_33215,PO3,FX.Forward,FX2,FX_Linear,HK
SYS_33216,PO3,FX.Forward,FX2,FX_Linear,HK
SYS_33217,PO3,FX.Option.Asian.Call,FX2,FX_Option,HK
SYS_33218,PO3,FX.Option.Asian.Call,FX2,FX_Option,HK
SYS_33219,PO3,FX.Option.Barrier.Call,FX2,FX_Option,HK
SYS_33220,PO3,FX.Option.Barrier.Call,FX2,FX_Option,HK
SYS_33221,PO3,FX.Option.Barrier.Call,FX2,FX_Option,HK
SYS_33222,PO3,FX.Option.Barrier.Call,FX2,FX_Option,HK
SYS_33223,PO3,FX.Option.Barrier.Call,FX2,FX_Option,HK
SYS_33224,PO3,FX.Option.Barrier.Call,FX2,FX_Option,HK
SYS_33225,PO3,FX.Option.Barrier.Call,FX2,FX_Option,HK
SYS_33226,PO3,FX.Option.Barrier.Call,FX2,FX_Option,HK
SYS_33227,PO3,FX.Option.Barrier.Call,FX2,FX_Option,HK
SYS_33228,PO3,FX.Option.Barrier.Call,FX2,FX_Option,HK
SYS_33229,PO3,FX.Option.Vanilla.Call,FX2,FX_Option,HK
SYS_33230,PO1,FX.Option.Vanilla.Call,FX2,FX_Option,HK
SYS_33231,PO1,FX.Option.Vanilla.Call,FX2,FX_Option,HK
SYS_33232,PO1,FX.Option.Vanilla.Call,FX2,FX_Option,HK
SYS_33233,PO1,FX.Option.Vanilla.Call,FX2,FX_Option,HK
SYS_33234,PO1,FX.Option.Vanilla.Call,FX2,FX_Option,HK
SYS_33235,PO1,FX.Option.Vanilla.Call,FX2,FX_Option,HK
SYS_33236,PO1,FX.Option.Vanilla.Call,FX2,FX_Option,HK
SYS_33237,PO1,FX.Option.Vanilla.Call,FX2,FX_Option,HK
SYS_33238,PO1,FX.Option.Vanilla.Call,FX2,FX_Option,HK
SYS_33239,PO1,FX.Option.Vanilla.Call,FX2,FX_Option,HK
SYS_33240,PO1,FX.Option.Vanilla.Put,FX2,FX_Option,HK
SYS_33241,PO1,FX.Option.Vanilla.Put,FX2,FX_Option,HK
SYS_33242,PO1,FX.Option.Vanilla.Put,FX2,FX_Option,HK
SYS_33243,PO1,FX.Option.Vanilla.Put,FX2,FX_Option,HK
SYS_33244,PO1,FX.Option.Vanilla.Put,FX2,FX_Option,HK
SYS_33245,PO1,FX.Option.Vanilla.Put,FX3,FX_Option,HK
SYS_33246,PO1,FX.Option.Vanilla.Put,FX3,FX_Option,HK
SYS_33247,PO1,FX.Swap,FX3,FX_Linear,HK
SYS_33248,PO1,FX.Swap,FX3,FX_Linear,HK
SYS_33249,PO1,FX.Swap,FX3,FX_Linear,HK
SYS_33250,PO1,FX.Swap,FX3,FX_Linear,HK
SYS_33251,PO1,FX.Swap,FX3,FX_Linear,HK
SYS_33252,PO1,FX.Swap,FX3,FX_Linear,HK
SYS_33253,PO1,FX.Swap,FX3,FX_Linear,HK
SYS_33254,PO1,FX.Swap,FX3,FX_Linear,HK
SYS_33255,PO1,FX.Swap,FX3,FX_Linear,HK
SYS_33256,PO1,FX.Swap,FX3,FX_Linear,HK
SYS_33257,PO1,FX.Forward,FX3,FX_Linear,HK
SYS_33258,PO1,FX.Forward,FX3,FX_Linear,HK
SYS_33259,PO1,FX.Forward,FX3,FX_Linear,HK
SYS_33260,PO1,FX.Forward,FX3,FX_Linear,HK
SYS_33261,PO1,FX.Forward,FX3,FX_Linear,HK
SYS_33262,PO1,FX.Forward,FX3,FX_Linear,HK
SYS_33263,PO1,FX.Forward,FX3,FX_Linear,HK
SYS_33264,PO1,FX.Forward,FX3,FX_Linear,HK
SYS_33265,PO1,FX.Forward,FX3,FX_Linear,HK
SYS_33266,PO1,FX.Forward,FX3,FX_Linear,HK
SYS_33267,PO1,FX.Forward,FX3,FX_Linear,HK
SYS_33268,PO1,FX.Option.Vanilla.Put,FX3,FX_Option,HK
SYS_33269,PO1,FX.Option.Vanilla.Put,FX3,FX_Option,HK
SYS_33270,PO1,FX.Option.Vanilla.Put,FX3,FX_Option,HK
SYS_33271,PO1,FX.Option.Vanilla.Put,FX3,FX_Option,HK
SYS_33272,PO1,FX.Option.Vanilla.Put,FX3,FX_Option,HK
SYS_33273,PO1,FX.Option.Vanilla.Put,FX3,FX_Option,HK
SYS_33274,PO1,FX.Option.Vanilla.Put,FX3,FX_Option,HK
SYS_33275,PO1,FX.Option.Vanilla.Call,FX3,FX_Option,HK
SYS_33276,PO1,FX.Option.Vanilla.Call,FX3,FX_Option,HK
SYS_33277,PO1,FX.Option.Vanilla.Call,FX3,FX_Option,HK
SYS_33278,PO1,FX.Swap,FX3,FX_Linear,HK
SYS_33279,PO1,FX.Swap,FX3,FX_Linear,HK
SYS_33280,PO1,FX.Swap,FX3,FX_Linear,HK
SYS_33281,PO1,FX.Swap,FX3,FX_Linear,HK
SYS_33282,PO1,FX.Forward,FX3,FX_Linear,HK
SYS_33283,PO1,FX.Forward,FX3,FX_Linear,HK
SYS_33284,PO1,FX.Forward,FX3,FX_Linear,HK
SYS_33285,PO1,FX.Forward,FX3,FX_Linear,HK
SYS_33286,PO1,FX.Forward,FX3,FX_Linear,HK
SYS_33287,PO1,FX.Forward,FX3,FX_Linear,HK
SYS_33288,PO1,FX.Forward,FX3,FX_Linear,HK
SYS_33289,PO1,FX.Forward,FX3,FX_Linear,HK
SYS_33290,PO1,FX.Forward,FX3,FX_Linear,HK
SYS_33291,PO1,FX.Forward,FX3,FX_Linear,HK
SYS_33292,PO1,FX.Forward,FX3,FX_Linear,HK
SYS_33293,PO1,FX.Forward,FX3,FX_Linear,HK
SYS_33294,PO1,FX.Forward,FX3,FX_Linear,HK
SYS_33295,PO1,FX.Option.Vanilla.Call,FX3,FX_Option,HK
SYS_33296,PO1,FX.Option.Vanilla.Call,FX3,FX_Option,HK
SYS_33297,PO1,FX.Option.Vanilla.Call,FX3,FX_Option,HK
SYS_33298,PO1,FX.Option.Vanilla.Call,FX3,FX_Option,HK
SYS_33299,PO1,FX.Option.Vanilla.Call,FX3,FX_Option,HK
SYS_33300,PO1,FX.Option.Vanilla.Call,FX3,FX_Option,HK
SYS_43101,PO2,EQ.Option.Vanilla.Call,EQ1,EQ_Option,NY
SYS_43102,PO2,EQ.Option.Vanilla.Call,EQ1,EQ_Option,NY
SYS_43103,PO2,EQ.Option.Vanilla.Call,EQ1,EQ_Option,NY
SYS_43104,PO2,EQ.Repo,EQ1,EQ_Linear,NY
SYS_43105,PO2,EQ.Repo,EQ1,EQ_Linear,NY
SYS_43106,PO2,EQ.Repo,EQ1,EQ_Linear,NY
SYS_43107,PO2,EQ.Repo,EQ1,EQ_Linear,NY
SYS_43108,PO2,EQ.Repo,EQ1,EQ_Linear,NY
SYS_43109,PO2,EQ.Forward,EQ1,EQ_Linear,NY
SYS_43110,PO2,EQ.Forward,EQ1,EQ_Linear,NY
SYS_43111,PO2,EQ.Forward,EQ1,EQ_Linear,NY
SYS_43112,PO2,EQ.Forward,EQ1,EQ_Linear,NY
SYS_43113,PO2,EQ.Forward,EQ1,EQ_Linear,NY
SYS_43114,PO2,EQ.Forward,EQ1,EQ_Linear,NY
SYS_43115,PO2,EQ.Repo,EQ1,EQ_Linear,NY
SYS_43116,PO2,EQ.Repo,EQ1,EQ_Linear,NY
SYS_43117,PO2,EQ.Repo,EQ1,EQ_Linear,NY
SYS_43118,PO2,EQ.Repo,EQ1,EQ_Linear,NY
SYS_43119,PO2,EQ.Repo,EQ1,EQ_Linear,NY
SYS_43120,PO2,EQ.Repo,EQ1,EQ_Linear,NY
SYS_43121,PO2,EQ.Repo,EQ1,EQ_Linear,NY
SYS_43122,PO2,EQ.Swap,EQ1,EQ_Linear,NY
SYS_43123,PO2,EQ.Swap,EQ1,EQ_Linear,NY
SYS_43124,PO2,EQ.Swap,EQ1,EQ_Linear,NY
SYS_43125,PO2,EQ.Swap,EQ1,EQ_Linear,NY
SYS_43126,PO2,EQ.Swap,EQ1,EQ_Linear,NY
SYS_43127,PO2,EQ.Swap,EQ1,EQ_Linear,NY
SYS_43128,PO2,EQ.Option.Vanilla.Call,EQ1,EQ_Option,NY
SYS_43129,PO2,EQ.Option.Vanilla.Call,EQ1,EQ_Option,NY
SYS_43130,PO2,EQ.Option.Vanilla.Call,EQ1,EQ_Option,NY
SYS_43131,PO2,EQ.Option.Vanilla.Call,EQ1,EQ_Option,NY
SYS_43132,PO2,EQ.Option.Vanilla.Call,EQ1,EQ_Option,NY
SYS_43133,PO2,EQ.Option.Vanilla.Call,EQ1,EQ_Option,NY
SYS_43134,PO2,EQ.Futures,EQ1,EQ_Linear,NY
SYS_43135,PO2,EQ.Futures,EQ1,EQ_Linear,NY
SYS_43136,PO2,EQ.Futures,EQ1,EQ_Linear,NY
SYS_43137,PO3,EQ.Futures,EQ1,EQ_Linear,NY
SYS_43138,PO3,EQ.Futures,EQ1,EQ_Linear,NY
SYS_43139,PO3,EQ.Futures,EQ1,EQ_Linear,NY
SYS_43140,PO3,EQ.Futures,EQ1,EQ_Linear,NY
SYS_43141,PO3,EQ.Futures,EQ1,EQ_Linear,NY
SYS_43142,PO3,EQ.Futures,EQ1,EQ_Linear,NY
SYS_43143,PO3,EQ.Futures,EQ1,EQ_Linear,NY
SYS_43144,PO3,EQ.Option.Vanilla.Call,EQ1,EQ_Option,NY
SYS_43145,PO3,EQ.Option.Vanilla.Call,EQ1,EQ_Option,NY
SYS_43146,PO3,EQ.Repo,EQ1,EQ_Linear,NY
SYS_43147,PO3,EQ.Repo,EQ1,EQ_Linear,NY
SYS_43148,PO3,EQ.Repo,EQ1,EQ_Linear,NY
SYS_43149,PO3,EQ.Repo,EQ1,EQ_Linear,NY
SYS_43150,PO3,EQ.Repo,EQ1,EQ_Linear,NY
SYS_43151,PO3,EQ.Repo,EQ1,EQ_Linear,NY
SYS_43152,PO3,EQ.Repo,EQ1,EQ_Linear,NY
SYS_43153,PO3,EQ.Repo,EQ1,EQ_Linear,NY
SYS_43154,PO3,EQ.Repo,EQ1,EQ_Linear,NY
SYS_43155,PO3,EQ.Repo,EQ1,EQ_Linear,NY
SYS_43156,PO3,EQ.Repo,EQ1,EQ_Linear,NY
SYS_43157,PO3,EQ.Option.Vanilla.Call,EQ1,EQ_Option,NY
SYS_43158,PO3,EQ.Option.Vanilla.Call,EQ1,EQ_Option,NY
SYS_43159,PO3,EQ.Option.Vanilla.Call,EQ1,EQ_Option,NY
SYS_43160,PO3,EQ.Option.Vanilla.Call,EQ1,EQ_Option,NY
SYS_43161,PO3,EQ.Option.Vanilla.Call,EQ1,EQ_Option,NY
SYS_43162,PO3,EQ.Option.Vanilla.Call,EQ1,EQ_Option,NY
SYS_43163,PO3,EQ.Option.Vanilla.Put,EQ1,EQ_Option,NY
SYS_43164,PO3,EQ.Option.Vanilla.Put,EQ1,EQ_Option,NY
SYS_43165,PO3,EQ.Forward,EQ1,EQ_Linear,NY
SYS_43166,PO3,EQ.Forward,EQ1,EQ_Linear,NY
SYS_43167,PO3,EQ.Forward,EQ1,EQ_Linear,NY
SYS_43168,PO3,EQ.Forward,EQ1,EQ_Linear,NY
SYS_43169,PO3,EQ.Forward,EQ1,EQ_Linear,NY
SYS_43170,PO3,EQ.Forward,EQ1,EQ_Linear,NY
SYS_43171,PO3,EQ.Forward,EQ1,EQ_Linear,NY
SYS_43172,PO3,EQ.Forward,EQ1,EQ_Linear,NY
SYS_43173,PO3,EQ.Option.Vanilla.Put,EQ1,EQ_Option,NY
SYS_43174,PO3,EQ.Option.Vanilla.Put,EQ1,EQ_Option,NY
SYS_43175,PO3,EQ.Option.Vanilla.Put,EQ1,EQ_Option,NY
SYS_43176,PO3,EQ.Swap,EQ1,EQ_Linear,NY
SYS_43177,PO3,EQ.Swap,EQ1,EQ_Linear,NY
SYS_43178,PO3,EQ.Swap,EQ1,EQ_Linear,NY
SYS_43179,PO3,EQ.Option.Vanilla.Put,EQ1,EQ_Option,NY
SYS_43180,PO3,EQ.Option.Vanilla.Put,EQ1,EQ_Option,NY
SYS_43181,PO3,EQ.Option.Vanilla.Put,EQ1,EQ_Option,NY
SYS_43182,PO3,EQ.Option.Vanilla.Put,EQ1,EQ_Option,NY
SYS_43183,PO3,EQ.Option.Vanilla.Put,EQ1,EQ_Option,NY
SYS_43184,PO3,EQ.Option.Vanilla.Put,EQ1,EQ_Option,NY
SYS_43185,PO3,EQ.Repo,EQ1,EQ_Linear,NY
SYS_43186,PO3,EQ.Repo,EQ1,EQ_Linear,NY
SYS_43187,PO3,EQ.Repo,EQ1,EQ_Linear,NY
SYS_43188,PO3,EQ.Repo,EQ1,EQ_Linear,NY
SYS_43189,PO3,EQ.Repo,EQ1,EQ_Linear,NY
SYS_43190,PO3,EQ.Repo,EQ1,EQ_Linear,NY
SYS_43191,PO3,EQ.Repo,EQ1,EQ_Linear,NY
SYS_43192,PO3,EQ.Option.Vanilla.Put,EQ1,EQ_Option,NY
SYS_43193,PO3,EQ.Option.Digital.Put,EQ1,EQ_Option,NY
SYS_43194,PO3,EQ.Forward,EQ1,EQ_Linear,NY
SYS_43195,PO3,EQ.Forward,EQ1,EQ_Linear,NY
SYS_43196,PO1,EQ.Forward,EQ1,EQ_Linear,NY
SYS_43197,PO1,EQ.Forward,EQ1,EQ_Linear,NY
SYS_43198,PO1,EQ.Forward,EQ1,EQ_Linear,NY
SYS_43199,PO1,EQ.Forward,EQ1,EQ_Linear,NY
SYS_43200,PO1,EQ.Option.Digital.Put,EQ1,EQ_Option,NY
SYS_43201,PO1,EQ.Option.Digital.Put,EQ1,EQ_Option,NY
SYS_43202,PO1,EQ.Option.Digital.Put,EQ1,EQ_Option,NY
SYS_43203,PO1,EQ.Option.Digital.Put,EQ1,EQ_Option,NY
SYS_43204,PO1,EQ.Option.Digital.Put,EQ1,EQ_Option,NY
SYS_43205,PO1,EQ.Option.Digital.Put,EQ1,EQ_Option,NY
SYS_43206,PO1,EQ.Option.Digital.Put,EQ1,EQ_Option,NY
SYS_43207,PO1,EQ.Option.Digital.Put,EQ1,EQ_Option,NY
SYS_43208,PO1,EQ.Option.Digital.Put,EQ1,EQ_Option,NY
SYS_43209,PO1,EQ.Option.Digital.Put,EQ1,EQ_Option,NY
SYS_43210,PO1,EQ.Swap,EQ1,EQ_Linear,NY
SYS_43211,PO1,EQ.Swap,EQ1,EQ_Linear,NY
SYS_43212,PO1,EQ.Swap,EQ1,EQ_Linear,NY
SYS_43213,PO1,EQ.Swap,EQ1,EQ_Linear,NY
SYS_43214,PO1,EQ.Swap,EQ1,EQ_Linear,NY
SYS_43215,PO1,EQ.Swap,EQ1,EQ_Linear,NY
SYS_43216,PO1,EQ.Swap,EQ1,EQ_Linear,NY
SYS_43217,PO1,EQ.Swap,EQ2,EQ_Linear,NY
SYS_43218,PO1,EQ.Swap,EQ2,EQ_Linear,NY
SYS_43219,PO1,EQ.Swap,EQ2,EQ_Linear,NY
SYS_43220,PO1,EQ.Option.Digital.Put,EQ2,EQ_Option,NY
SYS_43221,PO1,EQ.Option.Digital.Put,EQ2,EQ_Option,NY
SYS_43222,PO1,EQ.Option.Digital.Put,EQ2,EQ_Option,NY
SYS_43223,PO1,EQ.Option.Digital.Call,EQ2,EQ_Option,NY
SYS_43224,PO1,EQ.Option.Digital.Call,EQ2,EQ_Option,NY
SYS_43225,PO1,EQ.Option.Digital.Call,EQ2,EQ_Option,NY
SYS_43226,PO1,EQ.Option.Digital.Call,EQ2,EQ_Option,NY
SYS_43227,PO1,EQ.Option.Digital.Call,EQ2,EQ_Option,NY
SYS_43228,PO1,EQ.Option.Digital.Call,EQ2,EQ_Option,NY
SYS_43229,PO1,EQ.Option.Digital.Call,EQ2,EQ_Option,NY
SYS_43230,PO1,EQ.Option.Digital.Call,EQ2,EQ_Option,NY
SYS_43231,PO1,EQ.Option.Digital.Call,EQ2,EQ_Option,NY
SYS_43232,PO1,EQ.Option.Digital.Call,EQ2,EQ_Option,NY
SYS_43233,PO1,EQ.Option.Digital.Call,EQ2,EQ_Option,NY
SYS_43234,PO1,EQ.Futures,EQ2,EQ_Linear,NY
SYS_43235,PO1,EQ.Futures,EQ2,EQ_Linear,NY
SYS_43236,PO1,EQ.Futures,EQ2,EQ_Linear,NY
SYS_43237,PO1,EQ.Futures,EQ2,EQ_Linear,NY
SYS_43238,PO1,EQ.Futures,EQ2,EQ_Linear,NY
SYS_43239,PO1,EQ.Futures,EQ2,EQ_Linear,NY
SYS_43240,PO1,EQ.Futures,EQ2,EQ_Linear,NY
SYS_43241,PO1,EQ.Futures,EQ2,EQ_Linear,NY
SYS_43242,PO1,EQ.Option.Digital.Call,EQ2,EQ_Option,NY
SYS_43243,PO1,EQ.Option.Barrier.Call,EQ2,EQ_Option,NY
SYS_43244,PO1,EQ.Option.Barrier.Call,EQ2,EQ_Option,NY
SYS_43245,PO1,EQ.Option.Barrier.Call,EQ2,EQ_Option,NY
SYS_43246,PO1,EQ.Option.Barrier.Call,EQ2,EQ_Option,NY
SYS_43247,PO1,EQ.Option.Barrier.Call,EQ2,EQ_Option,NY
SYS_43248,PO1,EQ.Option.Barrier.Call,EQ2,EQ_Option,NY
SYS_43249,PO1,EQ.Option.Barrier.Call,EQ2,EQ_Option,NY
SYS_43250,PO1,EQ.Option.Barrier.Call,EQ2,EQ_Option,NY
SYS_43251,PO1,EQ.Forward,EQ2,EQ_Linear,NY
SYS_43252,PO1,EQ.Forward,EQ2,EQ_Linear,NY
SYS_43253,PO1,EQ.Forward,EQ2,EQ_Linear,NY
SYS_43254,PO1,EQ.Forward,EQ2,EQ_Linear,NY
SYS_43255,PO1,EQ.Forward,EQ2,EQ_Linear,NY
SYS_43256,PO1,EQ.Forward,EQ2,EQ_Linear,NY
SYS_43257,PO1,EQ.Forward,EQ2,EQ_Linear,NY
SYS_43258,PO1,EQ.Forward,EQ2,EQ_Linear,NY
SYS_43259,PO1,EQ.Forward,EQ2,EQ_Linear,NY
SYS_43260,PO1,EQ.Option.Barrier.Call,EQ2,EQ_Option,NY
SYS_43261,PO1,EQ.Swap,EQ2,EQ_Linear,NY
SYS_43262,PO1,EQ.Swap,EQ2,EQ_Linear,NY
SYS_43263,PO1,EQ.Swap,EQ2,EQ_Linear,NY
SYS_43264,PO1,EQ.Swap,EQ3,EQ_Linear,NY
SYS_43265,PO1,EQ.Swap,EQ3,EQ_Linear,NY
SYS_43266,PO1,EQ.Swap,EQ3,EQ_Linear,NY
SYS_43267,PO1,EQ.Swap,EQ3,EQ_Linear,NY
SYS_43268,PO1,EQ.Swap,EQ3,EQ_Linear,NY
SYS_43269,PO1,EQ.Swap,EQ3,EQ_Linear,NY
SYS_43270,PO1,EQ.Swap,EQ3,EQ_Linear,NY
SYS_43271,PO1,EQ.Option.Barrier.Call,EQ3,EQ_Option,NY
SYS_43272,PO1,EQ.Repo,EQ3,EQ_Linear,NY
SYS_43273,PO1,EQ.Repo,EQ3,EQ_Linear,NY
SYS_43274,PO1,EQ.Repo,EQ3,EQ_Linear,NY
SYS_43275,PO1,EQ.Repo,EQ3,EQ_Linear,NY
SYS_43276,PO1,EQ.Repo,EQ3,EQ_Linear,NY
SYS_43277,PO1,EQ.Repo,EQ3,EQ_Linear,NY
SYS_43278,PO1,EQ.Repo,EQ3,EQ_Linear,NY
SYS_43279,PO1,EQ.Repo,EQ3,EQ_Linear,NY
SYS_43280,PO1,EQ.Repo,EQ3,EQ_Linear,NY
SYS_43281,PO1,EQ.Repo,EQ3,EQ_Linear,NY
SYS_43282,PO1,EQ.Repo,EQ3,EQ_Linear,NY
SYS_43283,PO1,EQ.Repo,EQ3,EQ_Linear,NY
SYS_43284,PO1,EQ.Repo,EQ3,EQ_Linear,NY
SYS_43285,PO1,EQ.Repo,EQ3,EQ_Linear,NY
SYS_43286,PO1,EQ.Repo,EQ3,EQ_Linear,NY
SYS_43287,PO1,EQ.Repo,EQ3,EQ_Linear,NY
SYS_43288,PO1,EQ.Repo,EQ3,EQ_Linear,NY
SYS_43289,PO1,EQ.Repo,EQ3,EQ_Linear,NY
SYS_43290,PO1,EQ.Repo,EQ3,EQ_Linear,NY
SYS_43291,PO1,EQ.Repo,EQ3,EQ_Linear,NY
SYS_43292,PO1,EQ.Repo,EQ3,EQ_Linear,NY
SYS_43293,PO1,EQ.Repo,EQ3,EQ_Linear,NY
SYS_43294,PO1,EQ.Repo,EQ3,EQ_Linear,NY
SYS_43295,PO1,EQ.Repo,EQ3,EQ_Linear,NY
SYS_43296,PO1,EQ.Repo,EQ3,EQ_Linear,NY
SYS_43297,PO1,EQ.Repo,EQ3,EQ_Linear,NY
SYS_43298,PO1,EQ.Repo,EQ3,EQ_Linear,NY
SYS_43299,PO1,EQ.Repo,EQ3,EQ_Linear,NY
SYS_43300,PO3,EQ.Repo,EQ3,EQ_Linear,NY
